m.Bochnia,"Gimnazjum nr 2 w Bochni im. Cypriana Kamila Norwida","Generała Jakubowskiego 12, 32-700 Bochnia, Poland",49.96504359999999,20.4100697
m.Bochnia,Gimnazjum nr 1 w Bochni,"Bernardyńska 1, 32-700 Bochnia, Poland",49.969586,20.4275719
m.Bochnia,V Gimnazjum Małopolskiego Centrum Edukacji,"32-700 Bochnia, Poland",49.96845769999999,20.4303286
Bochnia,Gimnazjum w Gawłowie,"32-700 Gawłów, Poland",50.02475459999999,20.461918
Bochnia,Gimnazjum w Proszówkach,"DW965 365, 32-700 Proszówki, Poland",50.0030245,20.4282873
Bochnia,Gimnazjum w Nieszkowicach Wielkich,"Nieszkowice Wielkie 67, 32-700 Nieszkowice Wielkie, Poland",49.9148772,20.3957597
Bochnia,Gimnazjum w Łapczycy,"437, 32-744 Łapczyca, Poland",49.961778,20.376264
Bochnia,"Zespół Szkół Gminnych w Siedlcu - Gimnazjum w Siedlcu","32-744 Siedlec, Poland",49.96001039999999,20.3237524
Bochnia,"Zespół Szkół Gminnych w Pogwizdowie,
Gimnazjum w Pogwizdowie","32-700 Pogwizdów; 26, Poland",49.92419,20.40233
Bochnia,"Zespół Szkół Gminnych w Damienicach,
Gimnazjum w Damienicach","32-700 Damienice; 11, Poland",49.9893338,20.3996135
Bochnia,Gimnazjum w Bogucicach,"83, 32-711 Bogucice, Poland",50.05916000000001,20.49046
Bochnia,"Zespół Szkół Gminnych im. H. Sienkiewicza w Stanisławicach - Gimnazjum w Stanisławicach","Stanisławice Stanisławice 306, 32-015 Kłaj, Poland",49.982035,20.3503181
Drwinia,Publiczne Gimnazjum w Grobli,"32-708 Grobla, Poland",50.1249419,20.4255464
Drwinia,"Zespół Szkolno-Przedszkolny w Drwini Publiczne Gimnazjum w Drwini","Gmina Drwinia, Poland",50.0950038,20.4334818
Drwinia,"Zespół Szkolno-Przedszkolny w Mikluszowicach -
Gimnazjum w Mikluszowicach","Mikluszowice 228, 32-708 Dziewin, Poland",50.0593352,20.4574657
"Lipnica Murowana","Zespół Szkół w Lipnicy Murowanej - Publiczne Gimnazjum im. ks. Stanisława Wiśniowskiego","Lipnica Murowana, Lipnica Górna 59, 32-724 Lipnica Górna, Poland",49.8595407,20.5248937
"Lipnica Murowana","Zespół Szkół w Rajbrocie - Publiczne Gimnazjum im. Antoniny Prorokowej","32-725 Rajbrot; 362, 32-725, Poland",49.8214024,20.4871384
Łapanów,"Publiczne Gimnazjum im. Janusza Kuliga w Łapanowie","Brzezowa 72, 32-740 Łapanów, Poland",49.86402,20.308753
Łapanów,Publiczne Gimnazjum,"32-740 Łapanów; 195, 32-740, Poland",49.8652052,20.2901069
Nowy Wiśnicz,"Gimnazjum w Zespole Szkół im. Jana Pawła II w Starym Wiśniczu","32-720 Stary Wiśnicz, Poland",49.9232808,20.4812728
Nowy Wiśnicz,Gimnazjum,"Szkolna 1, 32-720 Nowy Wiśnicz, Poland",49.9110021,20.4641287
Nowy Wiśnicz,Gimnazjum,"Szkolna 1, 32-720 Nowy Wiśnicz, Poland",49.9110021,20.4641287
Nowy Wiśnicz,Gimnazjum,"Szkolna 1, 32-720 Nowy Wiśnicz, Poland",49.9110021,20.4641287
Nowy Wiśnicz,Gimnazjum dla Dorosłych,"Zamkowa, 32-720 Nowy Wiśnicz, Poland",49.9155126,20.4649012
Rzezawa,"Zespół Szkół w Dąbrówce - Publiczne Gimnazjum im. Prymasa Stefana Kardynała Wyszyńskiego w Dąbrówce","32-712 Dąbrówka, Poland",50.03320069999999,20.5594057
Rzezawa,"Publiczne Gimnazjum im. Św. Jana Pawła II w Łazach","Łazy, Poland",49.9705331,20.5153414
Rzezawa,Publiczne Gimnazjum w Rzezawie,"32-765 Rzezawa; Szkolna 11, 32-765, Poland",49.9876145,20.5161096
Trzciana,Publiczne Gimnazjum w Trzcianie,"Srokówka, 33-332 Trzciana, Poland",49.8461918,20.3649321
Trzciana,Gimnazjum w Leszczynie,Poland,49.83070900000001,20.3756405
Trzciana,Publiczne Gimnazjum w Kamionnej,"Kamionna 263, 32-732 Kamionna, Poland",49.7980262,20.3670753
Żegocina,Gimnazjum w Żegocinie,"Żegocina 50, 32-731 Żegocina, Poland",49.8129265,20.421401
Żegocina,Gimnazjum im. Jana Pawła II w Łąkcie Górnej,"32-731, Poland",49.8311193,20.4220662
Żegocina,"Zespół Szkół w Rozdzielu - Gimnazjum im. Bł.
Karoliny Kózkówny","32-731 Rozdziele; 156, Poland",49.7884331,20.4451589
Borzęcin,"Zespół Szkół w Borzęcinie. Publiczne Gimnazjum imienia świętego Jana Pawła II w Borzęcinie","Borzęcin 563, 32-825 Borzęcin, Poland",50.0784785,20.7068519
Borzęcin,"Publiczne Gimnazjum im. Kardynała Stefana Wyszyńskiego w Przyborowie","Przyborów, Poland",50.0296502,20.65701
Borzęcin,Publiczne Gimnazjum w Bielczy,"Bielcza 294A, 32-824 Bielcza, Poland",50.02293539999999,20.7383148
Brzesko,"Publiczne Gimnazjum nr 2 im. Janusza Korczaka w Brzesku","Czarnowiejska 44A, 32-800 Brzesko, Poland",49.9754123,20.6038075
Brzesko,Publiczne Gimnazjum nr 1 w Brzesku,"Bartosza Głowackiego 57, 32-800 Brzesko, Poland",49.9680991,20.6140906
Brzesko,"Zespół Szkół w Jadownikach Publiczne Gimnazjum im. Jana Pawła II","32-851 Jadowniki; Szkolna 7, Poland",49.9796237,20.6424357
Brzesko,"Katolickie Gimnazjum im. św. Stanisława BM ze Szczepanowa","Browarna 39, 32-800 Brzesko, Poland",49.9575432,20.6028737
Czchów,Publiczne Gimnazjum w Czchowie,"Szkolna 2, 32-860 Czchów, Poland",49.8355295,20.675088
Czchów,Publiczne Gimnazjum w Tworkowej,"32-863 Tworkowa, Poland",49.852968,20.6608295
Czchów,"Zespół Szkół i Przedszkola - Publiczne Gimnazjum w Złotej","32-859 Złota; 50, Poland",49.8754,20.6976799
Czchów,Publiczne Gimnazjum w Tymowej,"Tymowa, Poland",49.85276280000001,20.6154297
Czchów,Gimnazjum w Jurkowie,"150, 32-860 Jurków, Poland",49.8521322,20.691995
Dębno,"Publiczne Gimnazjum im. Władysława Reymonta w Porąbce Uszewskiej","Porąbka Uszewska 306,32-854, Porąbka Uszewska, Poland",49.930996,20.678201
Dębno,Publiczne Gimnazjum w Łysej Górze,"Łysa Góra, Poland",49.9320418,20.7354016
Dębno,"Zespół Szkół - Publiczne Gimnazjum im.
Kardynała Stefana Wyszyńskiego w Woli Dębińskiej","32-852 Wola Dębińska, Poland",49.9804544,20.6877892
Dębno,Publiczne Gimnazjum w Sufczynie,"Sufczyn 250, 32-852 Sufczyn, Poland",49.9566053,20.7517509
Dębno,"Młodzieżowy Ośrodek Socjoterapii w Łysej Górze Gimnazjum Specjalne","Łysa Góra 274, 32-853 Łysa Góra, Poland",49.93301770000001,20.7314794
Gnojnik,"Publiczne Gimnazjum im. Królowej Jadwigi w Uszwi","Uszew 205, 32-865 Uszew, Poland",49.9174291,20.6017698
Gnojnik,Publiczne Gimnazjum w Gnojniku,"DK75 336, 32-864, Poland",49.89615190000001,20.6060835
Iwkowa,Publiczne Gimnazjum w Iwkowej,"Iwkowa 525, 32-861 Iwkowa, Poland",49.8203322,20.5850148
Iwkowa,"Zespół Szkół - Publiczne Gimnazjum w Wojakowej","Wojakowa 49, 32-862 Wojakowa, Poland",49.80255589999999,20.561647
Szczurowa,"Publiczne Gimnazjum im. Jędrzeja Cierniaka w Zaborowie","63, 32-821 Zaborów, Poland",50.14754000000001,20.6887404
Szczurowa,"Publiczne Gimnazjum im. Władysława Stanisława Reymonta w Szczurowej","Szczurowa, Poland",50.1189372,20.6360481
Alwernia,Gimnazjum,"Marii Skłodowskiej-Curie 4, 32-566 Alwernia, Poland",50.0649528,19.5426553
Alwernia,Gimnazjum,"Marii Skłodowskiej-Curie 4, 32-566 Alwernia, Poland",50.0649528,19.5426553
Alwernia,Publiczne Gimnazjum,"Marii Skłodowskiej-Curie 4, 32-566 Alwernia, Poland",50.0649528,19.5426553
Babice,"Zespół Szkół w Zagórzu - Publiczne Gimnazjum im.Ks.A.Chojnackiego","Ks. Adolfa Chojnackiego, Zagórze, Poland",50.0865938,19.4043216
Babice,"Zespół Szkół Publiczne Gimnazjum im. M.
Skłodowskiej-Curie w Babicach","Zamkowa 3, 32-551 Babice, Poland",50.07258299999999,19.4442183
Babice,Publiczne Gimnazjum w Jankowicach,"32-551 Jankowice; Staszica 201, DW781, 32-551, Poland",50.0460732,19.4477706
Chrzanów,Publiczne Gimnazjum nr 2 w Chrzanowie,"Kardynała Stefana Wyszyńskiego 19, 32-500 Chrzanów, Poland",50.14221089999999,19.4171937
Chrzanów,"Publiczne Gimnazjum Nr 1 z Oddziałami Integracyjnymi im. ks. prof. Józefa Tischnera","Zielona 15, 32-500 Chrzanów, Poland",50.143921,19.412493
Chrzanów,"Publiczne Gimnazjum Nr 3 im. Króla Władysława Jagiełły w Chrzanowie","Aleja Henryka 43, 32-500 Chrzanów, Poland",50.1390878,19.4011045
Chrzanów,"Publiczne Gimnazjum nr 4 z Oddziałami Integracyjnymi w Chrzanowie","Zielona 15, 32-500 Chrzanów, Poland",50.143921,19.412493
Chrzanów,"Publiczne Gimnazjum im. Rodziny Starzeńskich w Płazie","32-552 Płaza; Wiosny Ludów 2, 32-552, Poland",50.0974776,19.4634074
Chrzanów,"Gimnazjum Fundacji Viribus Unitis im.
Św.Franciszka z Asyżu w Pogorzycach","Szymanowskiego 21, 32-500 Pogorzyce, Poland",50.1061795,19.4163782
Libiąż,"Gimnazjum im. ks. Stefana kard. Wyszyńskiego KSW w Libiążu","Heleny Kmieć 2, 32-590 Libiąż, Poland",50.09979500000001,19.309824
Libiąż,Gimnazjum nr 2 im. M. Kopernika,"32-590 Libiąż, Poland",50.1035683,19.3229905
Libiąż,"Gimnazjum Nr 1 im. Jana III Sobieskiego w Libiążu","Szkolna 1, 32-590 Libiąż, Poland",50.1031482,19.3155971
Libiąż,Zespół Szkół w Żarkach - Gimnazjum w Żarkach,"32-590 Libiąż, Poland",50.1037928,19.3156774
Trzebinia,"Gimnazjum z Oddziałami Integracyjnymi Nr 3 im.
Polskich Noblistów w Trzebini","Osiedle Związku Walki Młodych 21, 32-500 Trzebinia, Poland",50.1604053,19.4776767
Trzebinia,"Zespół Szkół Gimnazjalnych im. Trzech Wieszczów - Gimnazjum Nr 2 w Trzebini","Jana III Sobieskiego 25, 32-540 Gmina Trzebinia, Poland",50.196875,19.4233069
Trzebinia,"Gimnazjum nr 1 im. Mikołaja Kopernika w Trzebini","Szkolna 3, 32-540 Trzebinia, Poland",50.1608658,19.4666904
Trzebinia,"Zespół Szkół Gimnazjalnych im. Trzech Wieszczów - Gimnazjum dla Dorosłych w Trzebini","Jana III Sobieskiego 25, 32-540 Gmina Trzebinia, Poland",50.196875,19.4233069
Trzebinia,Publiczne Gimnazjum w Płokach,"Szkolna 6, 32-543 Płoki, Poland",50.2051758,19.5119461
"Dąbrowa Tarnowska","Publiczne Gimnazjum nr 2 im. Bohaterów Powiśla Dąbrowskiego w Dąbrowie Tarnowskiej","Zazamcze 3, 33-200 Dąbrowa Tarnowska, Poland",50.1729923,20.9790704
"Dąbrowa Tarnowska","Publiczne Gimnazjum nr 1 w Dąbrowie Tarnowskiej","33 200, Zaręby 22, 33-200 Dąbrowa Tarnowska, Poland",50.17800339999999,20.9845638
"Dąbrowa Tarnowska","Publiczne Gimnazjum nr 3 w Gruszowie Wielkim im. Kardynała Stefana Wyszyńskiego","210, 33-200 Gruszów Wielki, Poland",50.1920438,21.0333437
Gręboszów,Gimnazjum im. Stefanii Łąckiej w Gręboszowie,"Gręboszów 143, 33-260 Gręboszów, Poland",50.243457,20.7798886
Mędrzechów,"Gimnazjum im. Tadeusza Kościuszki w Mędrzechowie","33-221 Mędrzechów; 440, 33-221, Poland",50.2818099,20.9459618
Olesno,Gimnazjum im. Kardynała Stefana Wyszyńskiego,"Gmina Olesno, Poland",50.20701709999999,20.9292843
Radgoszcz,"Gimnazjum Nr 2 im. 25-lecia pontyfikatu Jana Pawła II","33-206 Luszowice; Tarnowska 31, Poland",50.1499061,21.1010492
Radgoszcz,Gimnazjum Nr 1 im. Ojca Świętego Jana Pawła II,"Gmina Radgoszcz, Poland",50.19314379999999,21.1166099
Szczucin,"Zespół Szkół w Szczucinie - Gimnazjum im.
Bohaterów Września w Szczucinie","Kościuszki 30, 33-230 Szczucin, Poland",50.3133157,21.075924
Szczucin,Gimnazjum w Borkach im. Bł. Jana Pawła II,"33-203 Borki, Poland",50.318942,21.1422219
Szczucin,Gimnazjum w Radwanie,"Kościuszki 30, 33-230 Szczucin, Poland",50.3133157,21.075924
m.Gorlice,Gimnazjum nr 1 w Miejskim Zespole Szkół nr 1,"Piękna 9, 38-300 Gorlice, Poland",49.6534941,21.1599174
m.Gorlice,"Miejski Zespół Szkół nr 4 w Gorlicach -
Gimnazjum nr 4","Piękna 9, 38-300 Gorlice, Poland",49.6534941,21.1599174
m.Gorlice,"Gimnazjum nr 6 w Miejskim Zespole Szkół nr 6 w Gorlicach im. Bohaterów Ziemi Gorlickiej","Generała Józefa Hallera 79, 38-300 Gorlice, Poland",49.66401399999999,21.1577949
m.Gorlice,"Gimnazjum nr 5 im. ks. Jana Twardowskiego w Gorlicach","Krakowska 5, 38-300 Gorlice, Poland",49.6570177,21.1529449
m.Gorlice,"Gimnazjum nr 3 w Miejskim Zespole Szkół nr 3
im. Św. Jana Kantego w Gorlicach","Kardynała Stefana Wyszyńskiego 16, 38-300 Gorlice, Poland",49.67495659999999,21.1675511
Biecz,Gimnazjum Nr 1 w Bieczu,"Grodzka 22, 38-340 Biecz, Poland",49.730721,21.2523115
Biecz,"Publiczne Gimnazjum im. prof. A. Kosiby w Libuszy","679, 38-306 Libusza, Poland",49.6946741,21.2368307
Biecz,Publiczne Gimnazjum w Strzeszynie,"Strzeszyn 391, 38-340 Biecz, Poland",49.7221319,21.2108565
Biecz,"Publiczne Gimnazjum im. Tadeusza Kościuszki w Rożnowicach","Rożnowice, Poland",49.7571217,21.1636288
Biecz,"Gimnazjum nr 2 im. Wacława Potockiego w Bieczu","ks. Bochniewicza 2, 38-340 Biecz, Poland",49.7308714,21.2464629
Bobowa,Gimnazjum w Brzanie,"38-350 Brzana; 10, 38-350, Poland",49.7185664,20.9180496
Bobowa,Gimnazjum,"Bohaterów Bobowej 6, 38-350 Bobowa, Poland",49.7078913,20.9466741
Bobowa,Gimnazjum im. ks. Jana Reca w Siedliskach,"Siedliska 259, 38-324 Siedliska, Poland",49.7301507,20.9842971
Gorlice,Gimnazjum w Zespole Szkół w Ropicy Polskiej,"Ropica Polska 70, 38-300 Ropica Polska, Poland",49.6403748,21.143703
Gorlice,"Gimnazjum im. Komisji Edukacji Narodowej w Zagórzanach","38-333 Zagórzany, Poland",49.699866,21.1525135
Gorlice,Zespół Szkół w Dominikowicach - Gimnazjum,"Piękna 9, 38-300 Gorlice, Poland",49.6534941,21.1599174
Gorlice,"Gimnazjum im. św. Jana Pawła II w Zespole Szkół
w Szymbarku","Ariańska 3, 38-300 Gorlice, Poland",49.652845,21.1623512
Gorlice,Publiczne Gimnazjum w Kobylance,"Kobylanka 413, 38-303 Kobylanka, Poland",49.66885689999999,21.2221098
Gorlice,Gimnazjum w Kwiatonowicach,"21, 38-333 Kwiatonowice, Poland",49.72318019999999,21.1594256
Gorlice,"Zespół Szkół w Bystrej - Gimnazjum im. Juliusza Słowackiego","Bystra 154, 38-300 Gorlice, Poland",49.6551321,21.0939758
Gorlice,"Gimnazjum im. Świętej Jadwigi Królowej w Klęczanach","Klęczany 1a, Okocim, Poland",49.7012765,21.2123524
Gorlice,Gimnazjum im. Jana Pawła II w Stróżówce,"Stróżowska, Gorlice, Poland",49.66709179999999,21.1442795
Lipinki,"Zespół Szkół w Krygu Publiczne Gimnazjum św.
Jadwigi Królowej","Kryg 397, 38-304 Kryg, Poland",49.65745039999999,21.2563187
Lipinki,"Publiczne Gimnazjum im. ks. Jana Patrzyka w Lipinkach","38-305 Lipinki, Poland",49.6710302,21.293757
Łużna,Publiczne Gimnazjum w Łużnej,"38-322 Łużna; 723, Poland",49.7101882,21.0545813
Łużna,Publiczne Gimnazjum w Szalowej,"38-322 Łużna; 723, Poland",49.7101882,21.0545813
Moszczenica,Gimnazjum w Moszczenicy,"Piotrkowska 13, 97-310 Moszczenica, Poland",51.4987507,19.7099239
Ropa,Gimnazjum w Ropie,"Ropa; 780, 38-312, Poland",49.6009323,21.04443
Sękowa,Publiczne Gimnazjum w Sękowej,"38-307,, Sękowa, Poland",49.61653279999999,21.2013244
Sękowa,"Publiczne Gimnazjum im. Władysława Długosza w Siarach","38-307 Siary, Poland",49.6265834,21.1777216
Uście Gorlickie,Gimnazjum w Uściu Gorlickim,"38-315 Uście Gorlickie; 267, 38-315, Poland",49.52246,21.1401497
Uście Gorlickie,Gimnazjum w Brunarach,"Brunary; 50, Poland",49.53211659999999,21.0357456
Czernichów,Gimnazjum w Czernichowie,"Czernichów 26, 32-070 Czernichów, Poland",49.9872285,19.679654
Czernichów,Gimnazjum im. Królowej Jadwigi w Rybnej,"32-061 Rybna; 464, 32-061, Poland",50.0510161,19.6513229
Czernichów,"Gimnazjum, im. ks. Stanisława Słotwińskiego","Gmina Czernichów, Poland",50.0120706,19.6444571
Czernichów,Gimnazjum w Wołowicach,"10, 32-070 Wołowice, Poland",49.9942241,19.7308351
"Igołomia-
Wawrzeńczyce",Gimnazjum w Wawrzeńczycach,"32-126, Igołomia 252, 32-125 Igołomia, Poland",50.09593960000001,20.2508229
"Igołomia-
Wawrzeńczyce",Gimnazjum w Igołomi,"32-126, Igołomia 252, 32-125 Igołomia, Poland",50.09593960000001,20.2508229
Iwanowice,Gimnazjum w Iwanowicach,"Iwanowice Dworskie, Iwanowice Włościańskie 98, 32-095 Iwanowice Włościańskie, Poland",50.2227736,19.9785381
Iwanowice,Publiczne Gimnazjum w Poskwitowie,"Droga Wojewódzka 773 92, 32-095, Poland",50.2235717,20.0092656
Iwanowice,"Publiczne Gimnazjum im. Świętej Jadwigi Królowej w Naramie","49, Centralna, 32-095 Narama, Poland",50.1849339,19.933165
Iwanowice,Gimnazjum im. Noblistów Polskich,"Gmina Iwanowice, Poland",50.2329574,19.9674657
"Jerzmanowice-
Przeginia","Zespół Szkół - Publiczne Gimnazjum Nr 1 im.
Akademii Krakowskiej w Jerzmanowicach","Szkolna 2, 32-048 Jerzmanowice, Poland",50.2131088,19.7469636
"Jerzmanowice-
Przeginia",Publiczne Gimnazjum nr 2 w Przegini,"Przeginia, Poland",50.2376289,19.6886618
"Kocmyrzów-
Luborzyca","Gimnazjum im. św. Jadwigi Królowej w Luborzycy","Wysiołek Luborzycki 160, 32-010 Luborzyca, Poland",50.1453301,20.1093292
Krzeszowice,"Publiczne Gimnazjum im. Adama Mickiewicza w Krzeszowicach","Długa 22, 32-065 Krzeszowice, Poland",50.1346781,19.6416181
Krzeszowice,Zespół Szkół - Gimnazjum w Zalasiu,"Krakowska 15, 32-065 Krzeszowice, Poland",50.13425489999999,19.63803
Krzeszowice,"Zespół Szkół im. M. Konopnickiej w Nowej -
Górze Gimnazjum","331, 32-065 Nowa Góra, Poland",50.1770949,19.5902537
Krzeszowice,"Zespół Placówek Oświatowych w Woli Filipowskiej - Publiczne Gimnazjum w Woli Filipowskiej","Szkolna 722, 32-065 Wola Filipowska, Poland",50.13226419999999,19.5848948
Liszki,Gimnazjum im. św. Jana Kantego w Liszkach,"Liszki 457, 32-060 Liszki, Poland",50.0323467,19.7624953
Liszki,Gimnazjum w Mnikowie,"Mników 13, 32-084 Morawica, Poland",50.0603945,19.7203981
Michałowice,"Gimnazjum im. Ks. Jana Długosza w Raciborowicach","Jana Długosza 36, 32-091 Raciborowice, Poland",50.1179469,20.0351705
Michałowice,"Zespół Szkół - Gimnazjum im. Wł. Jagiełły w Więcławicach Starych","Świętego Jakuba 94, 32-091 Michałowice, Poland",50.154229,20.0287146
Michałowice,Gimnazjum im. ks. kard. Adama Stefana Sapiehy,"Księdza Kardynała Adama Stefana Sapiehy, Kraków, Poland",50.09545,20.0235411
Mogilany,Gimnazjum w Mogilanach,"świętego Bartłomieja Apostoła 16, 32-031 Mogilany, Poland",49.9420479,19.8892396
Mogilany,Gimnazjum im. Jana Pawła II w Gaju,"Szkolna 73, 32-031 Gaj, Poland",49.9608099,19.900185
Skała,"Gimnazjum nr 1 z Oddziałami Integracyjnymi i Sportowymi w Skale","ks. Połetka, 32-043 Skała, Poland",50.2227221,19.8458624
Skawina,Katolickie Gimnazjum im. Jana Pawła II,"Księdza Walentego Troski 17A, 32-050 Skawina, Poland",49.9759605,19.8273645
Skawina,"Gimnazjum Nr 1 z Oddziałami Integracyjnymi im.
Noblistów Polskich","Wincentego Witosa 4, 32-050 Skawina, Poland",49.9655217,19.8265527
Skawina,Gimnazjum Specjalne,"Żwirki i Wigury 9, 32-050 Skawina, Poland",49.9730456,19.8248532
Skawina,Gimnazjum nr 2,"Adama Mickiewicza 11A, 32-050 Skawina, Poland",49.975179,19.822372
Skawina,"Zespół Szkół Publicznych w Radziszowie -
Gimnazjum im. Jana Pawła II","Szkolna 7, 32-052 Radziszów, Poland",49.9389998,19.8129992
Słomniki,"Prywatne Gimnazjum im. Jana Pawła II w Smrokowie","Smroków 44A, 32-090 Słomniki, Poland",50.2809202,20.0319743
Słomniki,"Publiczne Gimnazjum im. Kazimierza Wielkiego w Słomnikach","32-090 Słomniki, Poland",50.2446457,20.0854754
Słomniki,Prywatne Gimnazjum w Kacicach,"Kacice 80, 32-090 Kacice, Poland",50.2549745,20.0580545
Słomniki,Publiczne Gimnazjum w Prandocinie,"Osiedle Świerczewskiego 2, 32-090 Słomniki, Poland",50.244437,20.085832
Słomniki,"Publiczne Gimnazjum im. T. Kościuszki w Niedźwiedziu","32-090, Rataje 21, 56-100 Rataje, Poland",50.229843,20.0930647
Sułoszowa,Gimnazjum w Sułoszowej,"32-045 Sułoszowa, Poland",50.2505714,19.7778549
Świątniki Górne,Gimnazjum im. Biblioteki Polskiej w Paryżu,"K. Bruchnalskiego 35, 32-040 Świątniki Górne, Poland",49.93416620000001,19.9447296
Wielka Wieś,"Gimnazjum im. ks. Jana Twardowskiego w Białym Kościele","Kansas, USA",39.011902,-98.4842465
Wielka Wieś,"Zespół Szkolno-Przedszkolny w Modlnicy,
Gimnazjum w Modlnicy im.Oskara Kolberga","Sportowa 2, 32-085 Modlnica, Poland",50.1297706,19.862742
Zabierzów,"Zespół Szkół w Rudawie - Gimnazjum z Oddziałami Integracyjnymi im. Henryka Sienkiewicza w Rudawie","Stanisława Polaczka 25, 32-064 Rudawa, Poland",50.1228577,19.70752
Zabierzów,Zespół Szkół w Rząsce - Gimnazjum,"Krakowska 122, 30-199 Rząska, Poland",50.0995318,19.8365322
Zabierzów,Gimnazjum im. Jana Matejki w Zabierzowie,"Kolejowa 15, 32-080 Zabierzów, Poland",50.11695100000001,19.7990945
Zielonki,Gimnazjum w Bibicach,"Kościuszki 56A, 32-087 Zielonki, Poland",50.1193287,19.9655808
Zielonki,"Gimnazjum im. Józefa Piłsudskiego w Woli Zachariaszowskiej","32-087 Wola Zachariaszowska; 105, 32-087, Poland",50.1502478,19.9320269
Zielonki,Gimnazjum im. Jana Pawła II w Zielonkach,"Księdza Jana Michalika 2, 32-087 Zielonki, Poland",50.1166691,19.9145563
Zielonki,Gimnazjum im. Jerzego Kukuczki w Korzkwi,"Korzkiew 18, 32-087 Korzkiew, Poland",50.1629251,19.883771
m. Limanowa,Gimnazjum nr 2 w Limanowej,"Piłsudskiego 91, 34-600 Limanowa, Poland",49.71997,20.407431
m. Limanowa,Gimnazjum Nr 1,"Konopnickiej 4, 34-600 Limanowa, Poland",49.7078959,20.4222566
m. Limanowa,Gimnazjum nr 4 w Limanowej,"Reymonta, 34-600 Limanowa, Poland",49.738911,20.3856907
m. Limanowa,Gimnazjum nr 3 w Limanowej,"Jordana 3, 34-600 Limanowa, Poland",49.7024189,20.4177751
m. Mszana Dolna,Gimnazjum,"Sienkiewicza 2, 34-730 Mszana Dolna, Poland",49.6760159,20.0698332
m. Mszana Dolna,"Gimnazjum Miejskie nr 2 im. Jana Pawła II w Mszanie Dolnej","Rynek 21, 34-730 Mszana Dolna, Poland",49.6775002,20.0833525
m. Mszana Dolna,Gimnazjum Miejskie nr 1,"Sienkiewicza 2, 34-730 Mszana Dolna, Poland",49.6760159,20.0698332
Dobra,Publiczne Gimnazjum w Dobrej,"1, 34-642 Dobra, Poland",49.7158386,20.2436982
Dobra,Publiczne Gimnazjum w Skrzydlnej,"34-625 Skrzydlna; 186, 34-625, Poland",49.75196750000001,20.1859382
Dobra,Gimnazjum Publiczne w Jurkowie,"Jurków 115, 34-643 Jurków, Poland",49.6869407,20.2330222
Jodłownik,Gimnazjum w Wilkowisku,"34-617 Wilkowisko, Poland",49.7551905,20.2609006
Jodłownik,Publiczne Gimnazjum w Jodłowniku,"Jodłownik 126, 34-620 Jodłownik, Poland",49.7723823,20.2332654
Jodłownik,"Gimnazjum Publiczne im. Jana Pawła II w Sadku-
Kostrzy","105, 34-620 Sadek, Poland",49.78409389999999,20.273147
Kamienica,Gimnazjum w Kamienicy,"490, 34-608 Kamienica, Poland",49.57481490000001,20.3436557
Kamienica,"Gimnazjum im. 1 Pułku Strzelców Podhalańskich Armii Krajowej w Szczawie","Szczawa 327, 34-607 Kamienica, Poland",49.6017058,20.2984801
Kamienica,Gimnazjum w Zalesiu,"34-608 Zalesie, Poland",49.6273065,20.3496231
Laskowa,Publiczne Gimnazjum im. Janusza Korczaka,"34-602, Poland",49.7610414,20.4496765
Laskowa,"Zespół Szkół - Publiczne Gimnazjum w Ujanowicach im. Świętej Kingi","34-603 Ujanowice; 55, 34-603, Poland",49.7454889,20.5590377
Limanowa,Publiczne Gimnazjum w Pasierbcu,"Pasierbiec 108,34-600, Pasierbiec, Poland",49.7581742,20.3797614
Limanowa,Publiczne Gimnazjum,"Piłsudskiego 91, 34-600 Limanowa, Poland",49.71997,20.407431
Limanowa,"Zespół Szkół im. St. Wyspiańskiego w Rupniowie -
Publiczne Gimnazjum w Rupniowie I","206, 34-652 Rupniów, Poland",49.7643818,20.3356986
Limanowa,Publiczne Gimnazjum w Pisarzowej,"Pisarzowa 346, 34-653 Męcina, Poland",49.690321,20.5062317
Limanowa,"Zespół Szkół Nr 1 w Starej Wsi Publiczne Gimnazjum Nr 1 w Starej Wsi","Limanova, 34-600 Stara Wieś, Poland",49.67573900000001,20.3967468
Limanowa,Publiczne Gimnazjum w Mordarce,"34-600 Mordarka, Poland",49.6991153,20.4607058
Limanowa,"Zespół Szkół im. Stanisława Konarskiego w Starej Wsi II - Gimnazjum Publiczne w Starej Wsi II","34-600, Poland",49.6796254,20.4258692
Łukowica,Gimnazjum im. Michała Sędziwoja w Łukowicy,"Łukowica 293, 34-606 Łukowica, Poland",49.6008858,20.492828
Łukowica,Zespół Szkół w Przyszowej - Gimnazjum,"Przyszowa, Poland",49.6411791,20.5040467
Mszana Dolna,"Gimnazjum Nr 1 im. Kard. Stefana Wyszyńskiego w Kasinie Wielkiej","nr 761, Kasina Wielka 34-741, 34-741 Kasina Wielka, Poland",49.7244371,20.1381976
Mszana Dolna,"Zespół Placówek Oświatowych, Gimnazjum nr 4
im. ks. prof. Józefa Tischnera w Mszanie Górnej","Mszana Górna, Poland",49.66135389999999,20.0967598
Mszana Dolna,"Gimnazjum nr 2 w Kasince Małej im. Księdza Kanonika Stanisława Urygi","DW968 513, 34-734 Kasinka Mała, Poland",49.7021165,20.0389123
Mszana Dolna,"Zespół Placówek Oświatowych w Rabie Niżnej -
Gimnazjum Nr 3 im. Jana Pawła II","Raba Niżna 162, 34-730 Mszana Dolna, Poland",49.6426233,20.0326574
Niedźwiedź,ZSz - Gimnazjum Publiczne w Porębie Wielkiej,"Poręba Wielka, Poland",49.6077711,20.0627332
Niedźwiedź,"Zespół Placówek Oświatowych im. Jana Pawła II -
Gimnazjum Publiczne","34-735 Podobin, Poland",49.6352723,20.0822247
Niedźwiedź,"Gimnazjum Publiczne im. Katarzyny Smreczyńskiej","Gmina Niedźwiedź, Poland",49.589746,20.1033441
Słopnice,Gimnazjum w Słopnicach,"34-615 Słopnice; 732, Poland",49.69706799999999,20.3492096
Tymbark,Gimnazjum Samorządowe w Tymbarku,"34-650 Tymbark; Rynek 29, 34-650 Tymbark, Poland",49.7291641,20.3255761
Tymbark,Niepubliczne Gimnazjum im. Jana Pawła II,"34-650, Piekiełko 40, 13-240 Mława, Poland",49.7483329,20.3454194
Charsznica,"Gimnazjum im. Antoniego Malatyńskiego w Charsznicy","32-250 Miechów-Charsznica; Szkolna 14, Poland",50.39476029999999,19.947914
Charsznica,Zespół Szkół w Tczycy Gimnazjum,"32-250 Tczyca; 177, Poland",50.42283279999999,19.8873913
Gołcza,Gimnazjum w Gołczy,"Golcza, 32-075 Golcza, Poland",53.1364734,15.6021456
Kozłów,Gminny Zespół Szkół w Kozłowie - Gimnazjum,"303, Kozłów 32-241, 32-241 Kozłów, Poland",50.480843,20.0215672
Książ Wielki,"Gimnazjum im. Stefana Żechowskiego w Książu Wielkim","32-210 Książ Wielki; Reja 4, 32-210, Poland",50.44112089999999,20.141153
Miechów,"Gimnazjum Nr 1 im. Macieja Miechowity w Miechowie","32-200 Miechów, Poland",50.3527858,20.0187958
Miechów,Prywatne Gimnazjum OMEGA,"Marii Konopnickiej 2, 32-200 Miechów, Poland",50.3570925,20.0328619
Miechów,"Niepubliczne Gimnazjum w Miechowie Zakładu Doskonalenia Zawodowego w Kielcach","Księdza Skorupki 3, 32-200 Miechów, Poland",50.3581258,20.0300286
Racławice,"Gimnazjum im. Tadeusza Kościuszki w Racławicach","32-222 Racławice, Poland",50.3256947,20.2370492
Słaboszów,Gimnazjum w Dziaduszycach,"Dziaduszyce 23, 32-218 Dziaduszyce, Poland",50.38381709999999,20.2676263
Dobczyce,Gimnazjum im. Jana Pawła II w Dobczycach,"Szkolna 43, 32-410 Dobczyce, Poland",49.8805924,20.1006796
Lubień,"Gimnazjum im. Sługi Bożego Ks. Michała Rapacza w Tenczynie","32-433 Tenczyn; 171, 32-433, Poland",49.6863064,19.9474185
Lubień,Gimnazjum im. Jana Pawła II w Lubniu,"Lubień 885A, 32-433 Lubień, Poland",49.7154816,19.9785738
Lubień,"Gimnazjum im. Henryka Łasaka w Skomielnej Białej","Skomielna Biała, Poland",49.6405707,19.9203139
Myślenice,Gimnazjum nr 1,"Zdrojowa 16, 32-400 Myślenice, Poland",49.8214888,19.9494533
Myślenice,Gimnazjum Nr 2 im. Jana Pawła II w Myślenicach,"Dyrektora Stanisława Pardyaka 26, 32-400 Myślenice, Poland",49.832607,19.9286867
Myślenice,Publiczne Gimnazjum w Trzemeśni,"32-425 Trzemeśnia; 250, 32-425, Poland",49.8212915,20.019009
Myślenice,"Gimnazjum im. św. Jadwigi Królowej w Krzyszkowicach","Krzyszkowice 368, Krzyszkowice, Poland",49.88264789999999,19.9171798
Myślenice,Gimnazjum w Bysinie,"Bysina 284, 32-400 Myślenice, Poland",49.8278771,19.887987
Myślenice,"Publiczne Gimnazjum im. Ks. Jana Twardowskiego w Jaworniku","32-400 Jawornik; 293, Poland",49.8587955,19.8936431
Myślenice,Gimnazjum nr 3 im. Marsz. Józefa Piłsudskiego,"Zdrojowa 16, 32-400 Myślenice, Poland",49.8214888,19.9494533
Myślenice,Publiczne Gimnazjum w Głogoczowie,"Głogoczów, Poland",49.8959489,19.8758556
Pcim,"Publiczne Gimnazjum nr 3 im. ks. Jana Twardowskiego","32-438 Trzebunia; 444, 32-438, Poland",49.7897901,19.8518778
Pcim,"Publiczne gimnazjum nr 1 im. Jana Pawła II w Pcimiu","32-432 Pcim; 599, 32-432, Poland",49.7525437,19.9652614
Pcim,Publiczne Gimnazjum nr 2,"Pcim 595, 32-432 Pcim, Poland",49.7528782,19.9659779
Raciechowice,Publiczne Gimnazjum nr 1 w Raciechowicach,"32-415 Raciechowice; Raciechowice 106, 32-415, Poland",49.8449052,20.1417912
Raciechowice,Gimnazjum,"32-415 Raciechowice; Raciechowice 106, 32-415, Poland",49.8449052,20.1417912
Raciechowice,Publiczne Gimnazjum w Krzesławicach,"Krzesławice 146, 32-415 Krzesławice, Poland",49.8113256,20.1925316
Siepraw,Gimnazjum w Sieprawiu,"32-447 Siepraw; 724, 32-447 Siepraw, Poland",49.9094434,19.9702223
Sułkowice,"Gimnazjum im. Stefana Kardynała Wyszyńskiego w Sułkowicach","Sportowa 51, 32-440 Sułkowice, Poland",49.843494,19.808089
Sułkowice,Gimnazjum w Krzywaczce,"41, 32-442 Krzywaczka, Poland",49.8902279,19.8296799
Sułkowice,"Gimnazjum im. Króla Kazimierza III Wielkiego w Rudniku","Szkolna 55, 32-440 Rudnik, Poland",49.8548688,19.833323
Tokarnia,Gimnazjum im. H. Sienkiewicza w Krzczonowie,"32-435, Krzczonów k Pinczowa, Krzczonów 82, 28-520 Krzczonów, Poland",49.73771410000001,19.9197354
Tokarnia,"Gimnazjum im. Księdza Kardynała StefanaWyszyńskiego Prymasa Tysiąclecia w Tokarni","Tokarnia, Poland",49.7320961,19.8791473
Wiśniowa,"Zespół Placówek Oświatowych w Wiśniowej -Gimnazjum w Wiśniowej","Wiśniowa 323, 32-412 Wiśniowa, Poland",49.7875194,20.1205748
m.Grybów,"Gimnazjum im. ks. Stanisława Konarskiego wGrybowie","Węgierska 6, 33-330 Grybów, Poland",49.6241379,20.944323
Chełmiec,Gimnazjum w Marcinkowicach,"33-393, Marcinkowicka 132, 33-395 Marcinkowice, Poland",49.6685315,20.6498728
Chełmiec,"Zespół Szkół w Chomranicach - Gimnazjum im.Św. Jana Pawła II","Chomranice 12, 33-394 Klęczany, Poland",49.6763531,20.5907237
Chełmiec,Gimnazjum w Piątkowej,"Piątkowa 1, 33-300 Nowy Sącz, Poland",49.62129119999999,20.7506365
Chełmiec,Gimnazjum im. gen. Józefa Gizy w Wielogłowach,"33-311 Wielogłowy; 56, 33-311 Wielogłowy, Poland",49.6720526,20.6891596
Chełmiec,Gimnazjum w Chełmcu,"Marcinkowicka 9, 33-395 Nowy Sącz, Poland",49.63193860000001,20.6657415
Chełmiec,Gimnazjum im. Stanisława Wyspiańskiego,"Paszyn 288, 33-326 Paszyn, Poland",49.6250161,20.7813763
Chełmiec,Gimnazjum im. bł. ks. Jerzego Popiełuszki,"Kansas, USA",39.011902,-98.4842465
Chełmiec,"Gimnazjum im. gen. Michała Gałązki wTrzetrzewinie","33-314 Trzetrzewina, Poland",49.641357,20.5896099
Chełmiec,"Zespół Szkół w Librantowej - Gimnazjumim.Józefa Bieńka","Librantowa 86, 33-300 Nowy Sącz, Poland",49.6662748,20.7553729
Chełmiec,"Gimnazjum im. s. Czesławy Lorek w BiczycachDolnych","DK28 18, 33-395, Poland",49.6313494,20.6481034
"Gródek nadDunajcem","Gimnazjum Nr 3 im. Bł. ks. Jerzego Popiełuszki wJelnej","Kansas, USA",39.011902,-98.4842465
"Gródek nadDunajcem","Zespół Szkół - Gimnazjum Nr 2 w PodoluGórowej","33-318 Podole Górowa; 158, Poland",49.7553656,20.7749976
"Gródek nadDunajcem","Zespół Szkół Szkoła Podstawowa i Gimnazjum nr1 w Rożnowie - Gimnazjum nr 1 w Rożnowie","Rożnów 269, 57-130 Rożnów, Poland",49.7688093,20.6912758
"Gródek nadDunajcem",Gimnazjum nr 5,"Gródek nad Dunajcem 195, 33-318 Gródek nad Dunajcem, Poland",49.7472009,20.7328519
"Gródek nadDunajcem",Zespół Szkół - Gimnazjum nr 4 w Przydonicy,"Przydonica 24, 33-318 Gródek nad Dunajcem, Poland",49.7355288,20.7744018
Grybów,"Gimnazjum im. Cichociemnych SpadochroniarzyAK w Stróżach","Droga Wojewódzka 981 320, 33-331 Stróże, Poland",49.6570615,20.97076
Grybów,Gimnazjum im. św. Jana Kantego w Białej Niżnej,"Biała Niżna 495, 33-330 Biała Niżna, Poland",49.6408929,20.9736913
Grybów,Gimnazjum im. Jana Pawła II we Florynce,"Florynka 64, 33-332, Florynka, Poland",49.5558314,20.9853902
Grybów,"Gimnazjum im. Stanisława Wyspiańskiego wKrużlowej Wyżnej","205, 33-325 Krużlowa Wyżna, Poland",49.6496224,20.8839798
Grybów,Gimnazjum w Ptaszkowej,"Ptaszkowa 271, 33-333 Ptaszkowa, Poland",49.6016345,20.9029528
Grybów,Gimnazjum w Kąclowej,"Kąclowa 280, 33-330 Grybów, Poland",49.58902519999999,20.964768
Kamionka Wielka,"Gimnazjum Publiczne w Zespole SzkółPodstawowo - Gimnazjalnych w Mystkowie","Mystków 208, 33-334 Mystków, Poland",49.6046511,20.7877123
Kamionka Wielka,"Zespół Szkół Podstawowo-Gimnazjalnych wKrólowej Górnej Gimnazjum Publiczne wKrólowej Górnej","Mystków 208, 33-334 Mystków, Poland",49.6046511,20.7877123
Kamionka Wielka,Gimnazjum Publiczne w Kamionce Wielkiej,"Kamionka Wielka 162, 33-334 Kamionka Wielka, Poland",49.567296,20.8284043
Kamionka Wielka,Gimnazjum Publiczne w Mszalnicy,"127, 33-334 Mszalnica, Poland",49.6093544,20.8141434
Kamionka Wielka,Gimnazjum Publiczne Nr 2 w Kamionce Wielkiej,"Kamionka Wielka 162, 33-334 Kamionka Wielka, Poland",49.567296,20.8284043
Korzenna,Gimnazjum im. Jana Pawła II w Korzennej,"324, 33-322 Korzenna, Poland",49.6783429,20.8435696
Korzenna,Gimnazjum im. Jana Pawła II w Lipnicy Wielkiej,"33-323 Lipnica Wielka; 25, 33-323, Poland",49.7077773,20.8653052
Korzenna,"Zespół Szkół w Koniuszowej - Gimnazjum im.Generała Franciszka Gągora w Koniuszowej","203, 33-326 Koniuszowa, Poland",49.65403320000001,20.7937181
Korzenna,"Gimnazjum im. Ks. Jerzego Popiełuszki wMogilnie","Powstańców Wielkopolskich 33, 88-300 Mogilno, Poland",52.6530204,17.9615354
Korzenna,"Gimnazjum im. Księdza Kardynała StefanaWyszyńskiego","Gmina Korzenna, Poland",49.6790814,20.8312411
Krynica-Zdrój,"Publiczne Gimnazjum im. prof. dra J. Dietla wKrynicy-Zdroju","Józefa Ignacego Kraszewskiego 142, 33-380 Krynica-Zdrój, Poland",49.40073650000001,20.9543769
Krynica-Zdrój,Gimnazjum w Bereście,"33-380 Berest, Poland",49.503155,20.9711443
Łabowa,"Zespół Szkolno - Gimnazjalny w ŁabowejPubliczne Gimnazjum im. Jana Pawła II wŁabowej","33-336 Łabowa; 22, 33-336, Poland",49.52861739999999,20.8566333
Łącko,"Zespół Szkolno-Gimnazjalny Gimnazjum wJazowsku","Jazowsko 171, 33-389 Jazowsko, Poland",49.53205370000001,20.5176115
Łącko,"Zespół Szkolno-Gimnazjalny - Gimnazjum wŁącku","Łącko 284, 33-390 Łącko, Poland",49.55995,20.4357349
Łącko,"Zespół Szkolno-Gimnazjalny Gimnazjum wZagorzynie","33-390 Zagorzyn, Poland",49.5815158,20.3918609
Łososina Dolna,Gimnazjum w Tęgoborzy,"6, 33-312 Tęgoborze, Poland",49.7091625,20.6404138
Łososina Dolna,"Zespół Szkół Podstawowo-Gimnazjalnych im.Jana Pawła II w Łososinie Dolnej - Gimnazjum","33-314 Łososina Dolna, Poland",49.7405813,20.6246225
Muszyna,"Gimnazjum im. Straży Granicznej IIRzeczpospolitej","Rynek 13, 33-370 Muszyna, Poland",49.356348,20.8978075
Muszyna,Gimnazjum,"Rynek 13, 33-370 Muszyna, Poland",49.3565077,20.8981468
Muszyna,Gimnazjum w Powroźniku,"42, 33-370 Powroźnik, Poland",49.371112,20.9455043
Nawojowa,Publiczne Gimnazjum w Nawojowej,"Nawojowa 139, 33-335 Nawojowa, Poland",49.5552568,20.7468814
Piwniczna-Zdrój,Gimnazjum Publiczne,"Krynicka 2, 33-350 Piwniczna-Zdrój, Poland",49.4345607,20.7107412
Piwniczna-Zdrój,Gimnazjum Publiczne w Łomnicy Zdroju,"Krynicka 2, 33-350 Piwniczna-Zdrój, Poland",49.4345607,20.7107412
Podegrodzie,"Zespół Szkół Podstawowo-Gimnazjalnych im. bł.O. St. Papczyńskiego w Podegrodziu - Gimnazjum","33-386 Podegrodzie 6, 33-386 Podegrodzie, Poland",49.5772139,20.5896556
Podegrodzie,"Gimnazjum im. św. Jadwigi - Królowej Polski wBrzeznej","Brzezna 447, 33-386 Podegrodzie, 33-386, Poland",49.600691,20.6183499
Rytro,Gimnazjum im. Ks. Józefa Woźniackiego,"99, 33-343 Rytro, Poland",49.4898196,20.6768097
Stary Sącz,Gimnazjum im. Jana Pawła II w Gołkowicach,"Daszyńskiego 23, 33-340 Stary Sącz, Poland",49.5651559,20.6370659
Stary Sącz,"Gimnazjum im por. Andrzeja Buchmana ps.""Korsak"" w Barcicach","33-342 Barcice Górne, Poland",49.517528,20.6524682
Stary Sącz,"Gimnazjum im. Kardynała Stefana Wyszyńskiegow Przysietnicy","Kardynała Stefana Wyszyńskiego, 33-340 Stary Sącz, Poland",49.5762977,20.6410856
Stary Sącz,Prywatne Gimnazjum,"Partyzantów 15, 33-340 Stary Sącz, Poland",49.55785789999999,20.633219
m. Nowy Targ,Gimnazjum nr 1 im. Tadeusza Kościuszki,"plac Słowackiego 14, 34-400 Nowy Targ, Poland",49.4829584,20.0287004
m. Nowy Targ,Gimnazjum nr 2 Nowy Targ,"plac Evry 3, 34-400 Nowy Targ, Poland",49.4718197,20.0332718
m. Nowy Targ,IV Gimnazjum Małopolskiego Centrum Edukacji,"Nadwodnia 5, 34-400 Nowy Targ, Poland",49.4843339,20.0346219
m. Nowy Targ,Publiczne Gimnazjum,"plac Słowackiego 14, 34-400 Nowy Targ, Poland",49.4829584,20.0287004
Szczawnica,"Publiczne Gimnazjum im. ks. prof. JózefaTischnera w Szczawnicy","Główna 116, 34-460 Szczawnica, Poland",49.428086,20.4663749
Czarny Dunajec,Gimnazjum w Załucznem,"34-408 Załuczne; 84a, 34-408, Poland",49.4935093,19.8216919
Czarny Dunajec,Gimnazjum im. Jana Pawła II w Cichem,"Ciche 454, 34-407 Ciche, Poland",49.3608672,19.860709
Czarny Dunajec,Gimnazjum w Piekielniku,"Piekielnik 202, 34-472 Piekielnik, Poland",49.4779324,19.772628
Czarny Dunajec,"Publiczne Gimnazjum Stow. Przyjaciół SzkółKatolickich w Starem Bystrem","34-407 Stare Bystre; 347, Poland",49.4263212,19.9166333
Czarny Dunajec,Gimnazjum w Czarnym Dunajcu,"Ojca Świętego Jana Pawła II 144, 34-470 Czarny Dunajec, Poland",49.44128,19.848518
Czarny Dunajec,"Katolickie Gimnazjum Integracyjne SPSK im. JanaPawła II","Rondo Imienia Jana Pawła II, 34-407, Poland",49.3920209,19.8784843
Czarny Dunajec,Gimnazjum w Ratułowie,"Ratułów, Poland",49.3632687,19.8986549
Czarny Dunajec,Gimnazjum Nr 1 w Cichem,"Ciche 454, 34-407 Ciche, Poland",49.3608672,19.860709
Czorsztyn,Gminne Publiczne Gimnazjum w Maniowach,"Szkolna 2, 34-436 Maniowy, Poland",49.4611506,20.2687655
Czorsztyn,"Gminne Publiczne Gimnazjum w SromowcachNiżnych","Szkolna 2, 34-436 Maniowy, Poland",49.4611506,20.2687655
Jabłonka,Gimnazjum im. Jana Pawła II w Zubrzycy Górnej,"DW957 469, 34-484 Zubrzyca Górna, Poland",49.5628371,19.6493594
Jabłonka,"Zespół Szkół w Podwilku - Gimnazjum wPodwilku","Podwilk 287,, 34-722 Podwilk, Poland",49.5479597,19.739741
Jabłonka,Gimnazjum w Lipnicy Małej,"34-482 Lipnica Mała; 512, Poland",49.54197749999999,19.6167732
Jabłonka,Gimnazjum w Zubrzycy Dolnej,"Zubrzyca Górna 43, 34-484 Zubrzyca Górna, Poland",49.5504258,19.6568336
Jabłonka,Gimnazjum w Chyżnem,"34-481 Chyżne; 129, Poland",49.4261359,19.672242
Jabłonka,Gimnazjum w Orawce,"Jabłońskiego 4, 34-480 Jabłonka, Poland",49.47907,19.69415
"Krościenko nadDunajcem","Publiczne Gimnazjum w Krościenku nadDunajcem","Biały Potok 1, 34-450 Krościenko n. Dunajcem, Poland",49.438887,20.396718
"Krościenko nadDunajcem",VI Gimnazjum Małopolskiego Centrum Edukacji,"Krościenko nad Dunajcem, Poland",49.4368364,20.4329165
Lipnica Wielka,Gimnazjum,"Lipnica Wielka 523, 34-483 Lipnica Wielka, Poland",49.4961554,19.6155873
Łapsze Niżne,Gimnazjum w Łapszach Niżnych,"Długa 12, 34-442 Łapsze Niżne, Poland",49.3987563,20.2416065
Łapsze Niżne,Gimnazjum,"Długa 12, 34-442 Łapsze Niżne, Poland",49.3987563,20.2416065
Nowy Targ,"Zespół Szkoły Podstawowej i Gimnazjum -Gimnazjum nr 4 w Gronkowie","Gronków 210, 34-400 Gronków, Poland",49.44158119999999,20.0872558
Nowy Targ,Gimnazjum Nr 3 w Klikuszowej,"Klikuszowa 3, 34-404 Klikuszowa, Poland",49.51569689999999,19.984274
Nowy Targ,"Publiczne Gimnazjum w Łopusznej im. ks. prof.Józefa Tischnera","Tischnera, 34-432 Łopuszna, Poland",49.4684801,20.133889
Nowy Targ,"Publiczne Gimnazjum Nr 1 z OddziałamiDwujęzycznymi im. Jana Pawła II w Krempachach","Krempachy Kamieniec 46, Krempachy, Poland",49.437771,20.1688225
Nowy Targ,"Gimnazjum nr 2 im. Kazimierza Przerwy -Tetmajera","plac Evry 3, 34-400 Nowy Targ, Poland",49.4718197,20.0332718
Nowy Targ,Gimnazjum w Waksmundzie,"Na Równi 28, 34-431 Waksmund, Poland",49.4844569,20.0715002
Nowy Targ,Gimnazjum w Ostrowsku,"Jana Pawła II 13, 34-431 Ostrowsko, Poland",49.4750573,20.098683
Ochotnica Dolna,Gimnazjum nr 3 w Ochotnicy Górnej,"34-453 Ochotnica Górna; 207, 34-453, Poland",49.5040838,20.2300589
Ochotnica Dolna,Publiczne Gimnazjum nr 1,"Gmina Ochotnica Dolna, Poland",49.5181736,20.3219541
Raba Wyżna,Gimnazjum Nr 1 w Rabie Wyżnej,"34-721 Raba Wyżna, Poland",49.5646815,19.8748141
Raba Wyżna,"Zespół Szkół w Skawie - Gimnazjum nr 2 im. Św.Dominika Savio","34-713 Skawa, Poland",49.6019963,19.9106407
Rabka-Zdrój,Gimnazjum im. Świętej Rodziny w Rabce-Zdroju,"Jana Pawła II 48, 34-700 Rabka-Zdrój, Poland",49.6089606,19.9673945
Rabka-Zdrój,Gimnazjum Publiczne nr 1,"Jana Pawła II 40, 34-700 Rabka-Zdrój, Poland",49.6104168,19.9665978
Rabka-Zdrój,Gimnazjum w Rdzawce,"Rdzawka, 60, 34-700 Rdzawka, Poland",49.5605321,19.9612677
Rabka-Zdrój,Zespół Szkół - Gimnazjum w Chabówce,"Chabówka, Poland",49.5852789,19.9364601
Rabka-Zdrój,Gimnazjum im. Antoniny Zachary - Wnękowej,"Jana Pawła II 40, 34-700 Rabka-Zdrój, Poland",49.6104168,19.9665978
Spytkowice,"Gimnazjum im. Wawrzyńca Spytka Jordana wZespole Szkół Podstawowo-Gimnazjalnych wSpytkowicach","E77 12, 34-745 Spytkowice, Poland",49.5774407,19.823521
Szaflary,Gimnazjum w Bańskiej Niżnej,"Szkolna 6, 34-424 Szaflary, Poland",49.4206088,20.0280922
Szaflary,Gimnazjum w Maruszynie Górnej,"Szkolna 6, 34-424 Szaflary, Poland",49.4206088,20.0280922
Szaflary,Gimnazjum w Skrzypnem,"Skrzypne, Świętej Jadwigi Królowej 128, 34-424, Poland",49.3997682,19.9495089
Szaflary,Gimnazjum w Bańskiej Wyżnej,"Szkolna 6, 34-424 Szaflary, Poland",49.4206088,20.0280922
Szaflary,Gimnazjum,"Szkolna 6, 34-424 Szaflary, Poland",49.4206088,20.0280922
Szaflary,Gimnazjum w Zaskalu,"Szkolna 6, 34-424 Szaflary, Poland",49.4206088,20.0280922
Szaflary,"Zespół Szkoły Podstawowej i Gimnazjum wMaruszynie Dolnej - Gimnazjum","Szkolna 6, 34-424 Szaflary, Poland",49.4206088,20.0280922
Bukowno,Zespół Szkół nr 1 - Gimnazjum nr 1 w Bukownie,"Szkolna 8, 32-332 Bukowno, Poland",50.2671435,19.4660106
Bukowno,Zespół Szkół nr 2 - Gimnazjum nr 2 w Bukownie,"Sławkowska 133, 32-332 Bukowno, Poland",50.2817679,19.4296029
Bolesław,"Publiczne Gimnazjum im. Komisji EdukacjiNarodowej w Bolesławiu","Główna 112, 32-329 Bolesław, Poland",50.296454,19.4691683
Bolesław,"Zespół Szkół - Gimnazjum im. płk. Fr. Nullo wKrzykawie","Krzykawa 54, 32-329 Krzykawa, Poland",50.3097861,19.4267894
Bolesław,Gimnazjum w Podlipiu,"Podlipie 189, 32-329, Poland",50.2538873,20.8668859
Klucze,Gimnazjum im. Jana Pawła II w Kluczach,"Zawierciańska 30, 32-310 Klucze, Poland",50.3407878,19.5638368
Olkusz,"Gimnazjum z Oddziałami Integracyjnymi Nr 1 im.Stanisława Wyspiańskiego w Olkuszu","Kochanowskiego 2, 32-300 Olkusz, Poland",50.2612073,19.5710516
Olkusz,Gimnazjum Nr 4 im. Cypriana Kamila Norwida,"Kosynierów 14, 32-300 Olkusz, Poland",50.2776239,19.5855089
Olkusz,Gimnazjum Nr 2 w Olkuszu,"Żeromskiego 1, 32-300 Olkusz, Poland",50.2656404,19.5630947
Olkusz,"Gimnazjum Nr 3 im. Aleksandra hr. Fredry wOlkuszu","J.Korczaka 7, 32-300 Olkusz, Poland",50.27542039999999,19.5792622
Olkusz,"Gimnazjum dla Młodzieży w Olkuszu ZakładuDoskonalenia Zawodowego w Katowicach","Francesco Nullo 20, 32-300 Olkusz, Poland",50.278168,19.5652198
Trzyciąż,"Gimnazjum w Zespole Szkół im. WincentegoWitosa w Zadrożu","Zadroże 69, 32-353 Zadroże, Poland",50.288087,19.7907278
Trzyciąż,Zespół Szkół w Jangrocie - Publiczne Gimnazjum,"Jangrot 83, 32-353 Trzyciąż, Poland",50.3081713,19.744122
Trzyciąż,"Zespół Szkół - Gimnazjum im. Św. KrólowejJadwigi w Suchej","Sucha 32, 32-353 Trzyciąż, Poland",50.33204929999999,19.7682426
Wolbrom,"Zespół Szkół w Wolbromiu - Gimnazjum nr 2 wWolbromiu","Pod Lasem 1, 32-340 Wolbrom, Poland",50.3732498,19.7712922
Wolbrom,"Zespół Szkół w Gołaczewach - Gimnazjum wGołaczewach","Chełmska 8, 32-340 Gołaczewy, Poland",50.3549588,19.7137461
Wolbrom,"Gimnazjum im. Króla Jana III Sobieskiego wDłużcu","7, Dłużec, 32-340 Wolbrom, Poland",50.4015564,19.7122836
Wolbrom,"Zespół Szkół - Gimnazjum im. Kardynała S.Wyszyńskiego w Wierzchowisku","Wierzchowisko 32b, 32-340 Wolbrom, Poland",50.3756396,19.8124186
Wolbrom,"Zespół Szkół w Zarzeczu - Gimnazjum im. KrólaWładysława Łokietka w Zarzeczu","Szkolna 2, 32-340 Zarzecze, Poland",50.3727131,19.6947866
Wolbrom,Gimnazjum nr 4 w Wolbromiu,"os. Władysława Łokietka 10, 32-340 Wolbrom, Poland",50.383424,19.770761
m.Oświęcim,Miejskie Gimnazjum nr 4 im. Zofii Kossak,"Wyzwolenia 3, 32-600 Oświęcim, Poland",50.0400893,19.1998494
m.Oświęcim,"Miejskie Gimnazjum nr 1 z klasami sportowymiim. Marii Skłodowskiej-Curie","aleja Juliusza Słowackiego 41, 32-602 Oświęcim, Poland",50.0338176,19.242612
m.Oświęcim,"Miejskie Gimnazjum nr 2 im. ŁukaszaGórnickiego","Karola Olszewskiego 2 a, 32-602 Oświęcim, Poland",50.0323582,19.2340417
m.Oświęcim,Gimnazjum Towarzystwa Salezjańskiego,"Władysława Jagiełły 10, 32-600 Oświęcim, Poland",50.0368796,19.2199782
m.Oświęcim,Gimnazjum Mistrzostwa Sportowego,"aleja Juliusza Słowackiego 41, 32-602 Oświęcim, Poland",50.0338176,19.242612
Brzeszcze,"Gimnazjum nr 1 z Oddziałami Integracyjnymi im.ks. J. Twardowskiego","Szkolna 6, 32-620 Brzeszcze, Poland",49.9847463,19.1479247
Brzeszcze,Gimnazjum nr 2,"Mickiewicza 3, 32-620 Brzeszcze, Poland",49.9702591,19.1349542
Chełmek,"Publiczne Gimnazjum Nr 2 im. Cypriana KamilaNorwida w Chełmku","Brzozowa 13, 32-660 Chełmek, Poland",50.1086858,19.2647574
Chełmek,Publiczne Gimnazjum Nr 1,"Bolesława Chrobrego 9, 32-660 Chełmek, Poland",50.0980698,19.2366986
Chełmek,"Publiczne Gimnazjum im. Kardynała AdamaStefana Sapiehy w Bobrku","Bobrek, Poland",50.05976649999999,19.2534547
Chełmek,Gimnazjum w Gorzowie,"Szkolna 3, 32-660 Gorzów, Poland",50.0742597,19.2269646
Kęty,Gimnazjum nr 3,"Szkolna 3, 32-650 Kęty, Poland",49.8743402,19.19411
Kęty,"Gimnazjum nr 1 im. Feliksa Dyczkowskiego wKętach","Jana III Sobieskiego 6, 32-650 Kęty, Poland",49.882816,19.2189799
Kęty,Gimnazjum Nr 2 w Kętach,"Stanisława Wyspiańskiego, 32-650 Kęty, Poland",49.87760249999999,19.2160242
Kęty,Gimnazjum w Bielanach,"32-650 Kęty, Poland",49.88072990000001,19.2228003
Kęty,Gimnazjum w Bulowicach,"Bielska 59, 32-652 Bulowice, Poland",49.87583189999999,19.283119
Kęty,Gimnazjum w Nowej Wsi,"Stanisława Konarskiego 4, 32-651 Nowa Wieś, Poland",49.9041007,19.2227931
Kęty,Powiatowe Gimnazjum w Kętach,"Stanisława Wyspiańskiego, 32-650 Kęty, Poland",49.8781411,19.215336
Kęty,Gimnazjum w Witkowicach,"Witkowice, Poland",49.9135353,19.2782654
Oświęcim,"Gimnazjum Gminne Nr 2 im. Komisji EdukacjiNarodowej w Zaborzu","Jezioro 2, 32-600 Zaborze, Poland",50.0243857,19.2428921
Oświęcim,"Gimnazjum Gminne nr 1 im. mjr. PiotraSzewczyka w Rajsku","Edukacyjna 11, 32-600 Rajsko, Poland",50.0079071,19.1955008
Polanka Wielka,"Publiczne Gimnazjum im. Karola Wojtyły wPolance Wielkiej","Długa 175, 32-607 Polanka Wielka, Poland",49.97644769999999,19.2919077
Przeciszów,"Zespół Szkół Podstawowo-Gimnazjalnych,Gimnazjum nr 3 w Przeciszowie - Podlesiu","Szkolna 93, 32-641 Przeciszów, Poland",49.9987867,19.3709018
Przeciszów,"Zespół Szkół Podstawowo-Gimnazjalnych -Gimnazjum Nr 2 w Piotrowicach","Szkolna 93, 32-641 Przeciszów, Poland",49.9987867,19.3709018
Przeciszów,"Zespół Szkół Podstawowo-GimnazjalnychGimnazjum Nr 1 w Przeciszowie","Szkolna 93, 32-641 Przeciszów, Poland",49.9987867,19.3709018
Zator,Gimnazjum,"Kongresowa 11, 32-640 Zator, Poland",49.9940264,19.4361834
Zator,Gimnazjum,"Kongresowa 11, 32-640 Zator, Poland",49.9940264,19.4361834
Zator,Gimnazjum Publiczne w Podolszu,"ul Zatorska 37, 32-640 Podolsze, Poland",50.0115409,19.4331324
Koniusza,Gimnazjum w Posądzy,"32-104 Posądza; 94, 32-104, Poland",50.170116,20.2360975
Koniusza,Gimnazjum w Biórkowie Wielkim,"32-104 Biórków Wielki; 111, 32-104, Poland",50.16720780000001,20.1784106
Koszyce,"Gimnazjum im. S. Wyspiańskiego w CentrumOświatowym w Koszycach","Marii Skłodowskiej-Curie 4, 32-130 Koszyce, Poland",50.16962179999999,20.57551
Nowe Brzesko,Gimnazjum w Sierosławicach,"Sierosławice 53, 32-120 Nowe Brzesko, Poland",50.1411857,20.4624023
Nowe Brzesko,Gimnazjum w Nowym Brzesku,"Krakowska 29, 32-120 Nowe Brzesko, Poland",50.13013669999999,20.3734961
Pałecznica,Gimnazjum w Pałecznicy,"Św. Jakuba 43, 32-109 Pałecznica, Poland",50.29170070000001,20.2951528
Proszowice,"Gimnazjum w Proszowicach im. 6 BrygadyDesantowo-Szturmowej gen. S. Sosabowskiego","Mikołaja Kopernika 7, 32-100 Proszowice, Poland",50.189769,20.299699
Proszowice,"Gimnazjum w Zespole Szkół im. Św. JadwigiKrólowej w Klimontowie","27-640 Klimontów, Poland",50.6567655,21.4510357
Proszowice,Gimnazjum w Kościelcu,"11, Kościelec, 32-100 Proszowice, Poland",50.1934036,20.4005089
Proszowice,Niepubliczne Gimnazjum w Koczanowie,"Koczanów 14, 32-100 Koczanów, Poland",50.1795712,20.4818812
Radziemice,Gimnazjum im. Jana Pawła II w Radziemicach,"32-107 Radziemice; 2, Poland",50.2546741,20.2346887
m. Jordanów,Publiczne Gimnazjum w Jordanowie,"Konopnickiej 2, 34-240 Jordanów, Poland",49.6531804,19.8348757
Sucha Beskidzka,"Zespół Szkół Szkoła Podstawowa Nr 1 iGimnazjum w Suchej Beskidzkiej - Gimnazjum","Pułkownika Tadeusza Semika 3, 34-200 Sucha Beskidzka, Poland",49.7394028,19.5938493
Budzów,Gimnazjum w Budzowie,"Budzów 553, 34-211 Budzów, Poland",49.7779004,19.6762394
Bystra-Sidzina,Gimnazjum nr 2 w Bystrej Podhalańskiej,"34-235 Bystra; 353, Poland",49.64172869999999,19.7777294
Bystra-Sidzina,"Gimnazjum nr 1 w Zespole Szkół im. DzieciZamojszczyzny","Gmina Bystra-Sidzina, Poland",49.6176986,19.7095442
Jordanów,Gimnazjum Publiczne w Łętowni,"Łętownia 286, 34-242 Łętownia, Poland",49.69668,19.8692399
Jordanów,Gimnazjum Publiczne w Osielcu,"34-234 Osielec; 440, 34-234, Poland",49.6798149,19.780308
Jordanów,Zespół Szkół w Naprawie - Gimnazjum,"Kolejowa 9, 34-240 Jordanów, Poland",49.6473126,19.8294509
Jordanów,"Zespół Szkół - Publiczne Gimnazjum wToporzysku","Toporzysko, Poland",49.6239707,19.7984263
Jordanów,Gimnazjum Publiczne w Wysokiej,"34-240 Jordanów, Poland",49.64913,19.83001
"MakówPodhalański","Zespół Szkół - Gimnazjum im. Ks. dr StanisławaCzartoryskiego","Wolności 53, 34-220 Maków Podhalański, Poland",49.730084,19.6689699
"MakówPodhalański","Zespół Szkół w Białce - Gimnazjum im. KsiędzaKardynała Stefana Wyszyńskiego w Białce","334, DW957, 34-220 Białka, Poland",49.69964179999999,19.6763689
"MakówPodhalański","Zespół Szkół - Gimnazjum im. Jana Pawła II wJuszczynie","Juszczyn 268, 34-231 Juszczyn, Poland",49.6947849,19.7032366
"MakówPodhalański","Zespół Szkół w Grzechyni - Gimnazjum wGrzechyni","314, 34-220 Grzechynia, Poland",49.7134392,19.6375904
Stryszawa,Gimnazjum nr 2 w Lachowicach,"34-232 Lachowice, Poland",49.7147663,19.475949
Stryszawa,"Zespół Szkół Samorządowych - Gimnazjum nr 3im. Kazimierza Pułaskiego w Krzeszowie","34-206 Krzeszów; 216, Poland",49.7564439,19.4855823
Stryszawa,Gimnazjum Nr 1 w Stryszawie,"Gimnazjum nr 1 Imienia Tadeusza Kościuszki w Stryszawie, 34-205 Stryszawa, Poland",49.7117015,19.5210662
Zawoja,"Zespół Szkół w Zawoi Centrum - Gimnazjum Nr 1im. Franciszka Krysty Zawoja Centrum","DW957 2000, 34-222 Zawoja, Poland",49.6590798,19.5555043
Zawoja,Zespół Szkół w Skawicy - Gimnazjum,"DW957 2000, 34-222 Zawoja, Poland",49.6590798,19.5555043
Zembrzyce,"Gimnazjum w Zespole Szkół im. KazimierzaPrzerwy-Tetmajera w Zembrzycach","ks. Kobyłeckiego 490, 34-210 Zembrzyce, Poland",49.7760922,19.6003896
Zembrzyce,Gimnazjum w Tarnawie Dolnej,"34-210 Tarnawa Dolna; 272, 38-540, Poland",49.7784772,19.5620128
Ciężkowice,Publiczne Gimnazjum,"Tysiąclecia 12, 33-190 Ciężkowice, Poland",49.7837857,20.972879
Ciężkowice,Publiczne Gimnazjum w Ciężkowicach,"Tysiąclecia 12, 33-190 Ciężkowice, Poland",49.7837857,20.972879
Ciężkowice,"Zespół Szkół Publicznych - Gimnazjum Publicznew Bruśniku","Tysiąclecia 12, 33-190 Ciężkowice, Poland",49.7837857,20.972879
Ciężkowice,"Zespół Szkół Publicznych - Gimnazjum Publicznew Zborowicach","33-190 Zborowice; 5, 33-190, Poland",49.7586017,20.9712288
Ciężkowice,Niepubliczne Gimnazjum w Pławnej,"33-190 Pławna; 22, 33-190, Poland",49.75409,20.94078
Gromnik,"Gimnazjum Publiczne im. Orląt Lwowskich wGromniku","Zespół Szkół w Gromniku, Wincentego Witosa 4, 33-180 Gromnik, Poland",49.8403176,20.9601537
Gromnik,Zespół Szkół - Gimnazjum Publiczne,"33-180 Gromnik; Witosa 4, 33-180, Poland",49.8378929,20.9596311
Gromnik,Gimnazjum Publiczne,"33-180 Gromnik; Witosa 4, 33-180, Poland",49.8378929,20.9596311
Lisia Góra,Gimnazjum im. Ofiar Katynia w Lisiej Górze,"Szkolna 2, 33-140 Lisia Góra, Poland",50.0812973,21.044392
Lisia Góra,Gimnazjum im. Zesłańców Sybiru w Zaczarniu,"Zaczarnie 25, 33-140 Zaczarnie, Poland",50.0633257,21.0690039
Lisia Góra,Gimnazjum w Starych Żukowicach,"Szkolna 2, 33-140 Lisia Góra, Poland",50.0812973,21.044392
Lisia Góra,Gimnazjum w Nowej Jastrząbce,"33-140 Nowa Jastrząbka, Poland",50.1250955,21.1431565
Pleśna,"Publiczne Gimnazjum im. Armii Krajowej wRzuchowej","Rzuchowa, Poland",49.95149620000001,20.9305821
Pleśna,Gimnazjum,"228a, 33-171 Pleśna, Poland",49.9221255,20.9447703
Radłów,"Publiczne Gimnazjum z Oddziałami Sportowymiim. Kardynała Stanisława Hozjusza w Radłowie","Biskupska 10, 33-130 Radłów, Poland",50.0878439,20.8541365
Radłów,"Zespół Szkół w Zabawie Publiczne Gimnazjumim. Jana Pawła II w Zabawie","33-133 Zabawa, Poland",50.120407,20.8221728
Radłów,Publiczne Gimnazjum w Woli Radłowskiej,"67, 33-133 Wola Radłowska, Poland",50.0956632,20.8165554
Ryglice,"Gimnazjum przy Zespole Szkolno-Przedszkolnymw Zalasowej","Karpacka 21, 33-159 Zalasowa, Poland",49.926289,21.1253866
Ryglice,"Publiczne Gimnazjum im. Ks. JózefaLenartowicza w Lubczy","Lubcza 51, 33-162 Lubcza, Poland",49.9042784,21.2579146
Ryglice,Publiczne Gimnazjum Nr 1 w Ryglicach,"Tarnowska 25, 33-160 Ryglice, Poland",49.8827003,21.1357211
"RzepiennikStrzyżewski","Gimnazjum im. Jana Pawła II w Zespole Szkół wOlszynach","33-164 Olszyny; 62, 34-120, Poland",49.81394479999999,21.137588
"RzepiennikStrzyżewski",Zespół Szkół - Gimnazjum w Turzy,"Turza 2, 36-050 Turza, Poland",49.7654265,21.0579502
"RzepiennikStrzyżewski","Gimnazjum w Rzepienniku Biskupim im.ŻołnierzyArmii Krajowej Oddziału Regina II","321, Rzepiennik Biskupi, 33-163 Rzepiennik Strzyżewski, Poland",49.7974098,21.0495455
Skrzyszów,Gimnazjum,"Skrzyszów 629A, 33-156 Skrzyszów, Poland",49.9958784,21.0570168
Skrzyszów,Gimnazjum,"Skrzyszów 629A, 33-156 Skrzyszów, Poland",49.9958784,21.0570168
Skrzyszów,Gimnazjum w Pogórskiej Woli,"33-152 Pogórska Wola; 77a, Poland",50.01607,21.1571618
Tarnów,"Publiczne Gimnazjum Nr 2 im. RotmistrzaWitolda Pileckiego w Tarnowcu","33-100 Tarnowiec, Poland",49.9801156,20.9788594
Tarnów,"Publiczne Gimnazjum Nr 3 im. Cypriana KamilaNorwida w Koszycach Wielkich Gmina Tarnów","Norwida, Tarnów, Poland",50.0008217,20.9272961
Tarnów,"Publiczne Gimnazjum nr 1 im. ks. WładysławaKowalczyka w Woli Rzędzińskiej","Wola Rzędzińska 253A, 33-150 Wola Rzędzińska, Poland",50.045967,21.1005278
Tarnów,Publiczne Gimnazjum w Zawadzie,"33-100 Zawada, Poland",49.9805356,21.0141613
Tarnów,Niepubliczne Gimnazjum w Zbylitowskiej Górze,"Świętego Floriana 1, 33-113 Zbylitowska Góra, Poland",49.98959439999999,20.9029065
Tuchów,Publiczne Gimnazjum im. Kazimierza Wielkiego,"Kazimierza Wielkiego, 33-170 Tuchów, Poland",49.8911636,21.0557938
Tuchów,"Zespół Szkół w Siedliskach - PubliczneGimnazjum im. Kardynała Stefana Wyszyńskiego","Jana Pawła II 6, 33-170 Tuchów, Poland",49.8948487,21.0560568
Tuchów,"Zespół Szkół w Karwodrzy - Publiczne Gimnazjumw Karwodrzy","139a, 33-170 Karwodrza, Poland",49.92313919999999,21.066177
Tuchów,Zespół Szkół - Publiczne Gimnazjum,"Jana Pawła II 6, 33-170 Tuchów, Poland",49.8948487,21.0560568
Wierzchosławice,"Gimnazjum im. Jana Pawła II wWierzchosławicach","Wierzchosławice 97, 33-122 Wierzchosławice, Poland",50.0199821,20.8562977
Wietrzychowice,"Zespół Szkolno- Przedszkolny wWietrzychowicach Publiczne Gimnazjum im. JanaDeszcza w Miechowicach Wielkich","Miechowice Wielkie 38, 33-270 Miechowice Wielkie, Poland",50.1892056,20.7430983
Wojnicz,Publiczne Gimnazjum im. św. Kingi w Wojniczu,"Szkolna 10, 32-830 Wojnicz, Poland",49.96053209999999,20.8374774
Wojnicz,Gimnazjum w Grabnie,"Grabno, Poland",49.9284866,20.7803355
Wojnicz,Publiczne Gimnazjum w Wielkiej Wsi,"32-830 Wielka Wieś, Poland",49.9363239,20.8229018
Wojnicz,"Gimnazjum im. księdza Józefa Łakomego wBiadolinach Radłowskich","Biadoliny Radłowskie 135, 32-828 Biadoliny Radłowskie, Poland",49.9944828,20.7604743
Wojnicz,Gimnazjum w Olszynach,"Olszyny k Brzeska, Olszyny 57, 32-831 Olszyny, Poland",49.8887351,20.8194464
Zakliczyn,Gimnazjum w Zakliczynie,"Malczewskiego 56, 32-840 Zakliczyn, Poland",49.8551545,20.8168551
Zakliczyn,Gimnazjum w Paleśnicy,"Malczewskiego 56, 32-840 Zakliczyn, Poland",49.8551545,20.8168551
Żabno,Publiczne Gimnazjum w Otfinowie,"Władysława Jagiełły 18, 33-240 Żabno, Poland",50.1321196,20.8921955
Żabno,"Publiczne Gimnazjum w Łęgu Tarnowskimim.Rodzin Męcińskich i Zborowskich","Droga Wojewódzka 973 158, 33-131 Łęg Tarnowski, Poland",50.07553679999999,20.9195057
Żabno,"Publiczne Gimnazjum im.Polskich Olimpijczykóww Niedomicach w Zespole Szkoły Podstawowejim.Polskich Olimpijczyków i Gimnazjum","Szkolna 2, 33-132 Niedomice, Poland",50.104532,20.892525
Żabno,Publiczne Gimnazjum im. Jana Pawła II w Żabnie,"Władysława Jagiełły 18, 33-240 Żabno, Poland",50.1321196,20.8921955
Żabno,"Publiczne Katolickie Gimnazjum im. ArmiiKrajowej w Niecieczy","175, 33-240 Nieciecza, Poland",50.1566688,20.8479822
Szerzyny,"Publiczne Gimnazjum im. Ks. Kardynała StefanaWyszyńskiego w Szerzynach","Szerzyny 544, 38-246 Szerzyny, Poland",49.80920589999999,21.2458269
Szerzyny,Gimnazjum im. ks. prał. Jana Ślęzaka w Ołpinach,"Ołpiny 451, 38-247 Ołpiny, Poland",49.80811689999999,21.199927
Szerzyny,"Publiczne Gimnazjum im. Bł. Karoliny Kózki wCzermnej","115, Czermna, Poland",49.8182675,21.2941769
Zakopane,"Społeczne Gimnazjum Społecznego TowarzystwaOświatowego","Partyzantów 9, 34-500 Zakopane, Poland",49.2906229,19.9525333
Zakopane,"Gimnazjum nr 3 w Zakopanem im.błogosławionego księdza Jerzego Popiełuszki","Janosówka 15a, 34-500 Zakopane, Poland",49.3088037,19.9935455
Zakopane,Gimnazjum nr 2,"34-500 Zakopane, Poland",49.2944285,19.9629082
Zakopane,"Prywatne Gimnazjum ""Betlejem""","Tytusa Chałubińskiego 30, 34-500 Zakopane, Poland",49.2889272,19.9686563
Zakopane,Gimnazjum Mistrzostwa Sportowego,"Droga do Olczy 26, 34-500 Zakopane, Poland",49.28890149999999,19.9822412
Zakopane,"Gimnazjum nr 1 im. Olgi i Andrzeja Małkowskichw Zakopanem","Nowotarska 42, 34-500 Zakopane, Poland",49.3035247,19.9584935
Zakopane,Państwowa Ogólnokształcąca Szkoła Artystyczna,"Henryka Sienkiewicza 12, 34-500 Zakopane, Poland",49.2958571,19.960382
Zakopane,Gimnazjum Specjalne,"Chramcówki 15a, 34-500 Zakopane, Poland",49.30369169999999,19.9610206
Zakopane,Gimnazjum,"Nowotarska 42, 34-500 Zakopane, Poland",49.3035247,19.9584935
Zakopane,"Sześcioletnia Ogólnokształcąca Szkoła SztukPięknych","Kościeliska 35, 34-500 Zakopane, Poland",49.29250769999999,19.9413384
Biały Dunajec,"Gimnazjum nr 1 im. Kazimierza Wielkiego wBiałym Dunajcu","Jana Pawła II 184a, 34-425 Biały Dunajec, Poland",49.3789637,20.0141027
Biały Dunajec,"Gimnazjum nr 2 im. Świętej Jadwigi KrólowejPolski","Miłośników Podhala 23, 34-425 Biały Dunajec, Poland",49.3590498,20.005479
Biały Dunajec,"Gimnazjum im. Andrzeja Skupnia-Florka wGliczarowie Górnym","34-425, Poland",49.3488739,20.049507
Biały Dunajec,Gimnazjum w Sierockiem,"Miłośników Podhala 23, 34-425 Biały Dunajec, Poland",49.3590498,20.005479
"BukowinaTatrzańska",Gimnazjum,"34-530 Bukowina Tatrzańska; gen. Kościuszki 11, 34-530, Poland",49.3420853,20.106722
"BukowinaTatrzańska",Gimnazjum w Białce Tatrzańskiej,"Środkowa 184, 34-405 Białka Tatrzańska, Poland",49.3900763,20.1053107
"BukowinaTatrzańska",Gimnazjum w Bukowinie Tatrzańskiej,"34-530 Bukowina Tatrzańska; gen. Kościuszki 11, 34-530, Poland",49.3420853,20.106722
Kościelisko,Gimnazjum w Witowie im. ks. Leona Musielaka,"Witów 119, 34-512 Witów, Poland",49.3341746,19.8255445
Kościelisko,Gimnazjum w Kościelisku,"Szeligówka 660, 34-511 Kościelisko, Poland",49.2899542,19.8890301
Kościelisko,Gimnazjum w Dzianiszu,"Witów 119, 34-512 Witów, Poland",49.3341746,19.8255445
Poronin,Gimnazjum im. Jana Pawła II w Zębie,"34-521 Ząb; 6, Poland",49.3361033,19.9473745
Poronin,"Gimnazjum w Zespole Szkół im. RatownikówTatrzańskich w Murzasichlu","Sądelska 31, 34-531 Murzasichle, Poland",49.31621519999999,20.0431558
Poronin,Gimnazjum w Nowem Bystrem,"61, 34-521 Nowe Bystre, Poland",49.33885919999999,19.9225376
Andrychów,"Gimnazjum nr 1 im. Polskich Noblistów wAndrychowie","Ignacego Daszyńskiego 14, 34-120 Andrychów, Poland",49.850048,19.344359
Andrychów,Gimnazjum nr 2 w Andrychowie,"34-120 Andrychów; Lenartowicza 26, 34-120, Poland",49.8612439,19.3542248
Andrychów,"Zespół Szkół Samorządowych w Zagórniku -Gimnazjum w Zagórniku","Szkolna 12, 34-120 Zagórnik, Poland",49.8365637,19.3829945
Andrychów,"Zespół Szkół Samorządowych - Gimnazjum wSułkowicach-Łęgu","34-120 Sułkowice, Poland",49.8291384,19.3388988
Andrychów,Gimnazjum w Inwałdzie,"34-120 Andrychów; Lenartowicza 26, 34-120, Poland",49.8612439,19.3542248
Andrychów,Gimnazjum w Sułkowicach-Bolęcinie,"Racławicka 188, 34-125 Sułkowice, Poland",49.8200073,19.3703199
Andrychów,Gimnazjum w Roczynach,"10, 34-120 Roczyny, Poland",49.8434561,19.3087531
Andrychów,Gimnazjum w Rzykach,"34-120 Andrychów; Lenartowicza 26, 34-120, Poland",49.8612439,19.3542248
Andrychów,"Zespół Szkół Samorządowych - Gimnazjum wTarganicach","Beskidzka 46, 34-120 Targanice, Poland",49.8126294,19.3283764
Brzeźnica,"Zespół Szkolno-Przedszkolny - Gimnazjum im.Adama Gorczyńskiego w Brzeźnicy","Adama Gorczyńskiego 1, 34-114, Poland",49.9645218,19.6340105
Brzeźnica,"Zespół Szkół im. Janusza Korczaka w Łączanach -Gimnazjum","Krakowska 87, 34-115 Łączany, Poland",49.9839101,19.5807883
"KalwariaZebrzydowska",Zespół Szkół nr 1 - Gimnazjum nr 1,"Adama Mickiewicza 14, 34-130 Kalwaria Zebrzydowska, Poland",49.8698772,19.6804338
"KalwariaZebrzydowska",Gimnazjum Publiczne nr 2 w Brodach,"Brody 419, 34-130 Brody, Poland",49.8640787,19.6924447
"KalwariaZebrzydowska",Gimnazjum nr 4,"Adama Mickiewicza 14, 34-130 Kalwaria Zebrzydowska, Poland",49.8698772,19.6804338
"KalwariaZebrzydowska","Publiczne Gimnazjum Nr 3 im. Agaty Mróz-Olszewskiej w Przytkowicach","34-141 Przytkowice; 542, Przytkowice, Poland",49.9136646,19.6908281
"KalwariaZebrzydowska",Gimnazjum nr 8 w Stanisławiu Dolnym,"Stanisław Dolny; 73, 34-130, Poland",49.90229189999999,19.6587229
"KalwariaZebrzydowska",Publiczne Gimnazjum nr 7 w Barwałdzie Średnim,"34-124 Barwałd Dolny; 64, 34-124, Poland",49.86461,19.5812001
"KalwariaZebrzydowska","Zespół Szkół nr 5 im. Karola Wojtyły wBarwałdzie Górnym - Gimnazjum nr 5","34-130 Barwałd Górny; 213, 34-130, Poland",49.8627067,19.6183768
Lanckorona,Gimnazjum w Lanckoronie,"34-143 Lanckorona; 504, 34-143, Poland",49.8442128,19.7178323
Lanckorona,Zespół Szkół w Izdebniku - Gimnazjum,"34-143 Lanckorona; 504, 34-143, Poland",49.8442128,19.7178323
Lanckorona,Zespół Szkół - Gimnazjum w Skawinkach,"34-143 Lanckorona; 504, 34-143, Poland",49.8442128,19.7178323
Mucharz,"Zespół Szkół w Jaszczurowej, Gimnazjum im.Janiny Barbary Górkiewiczowej w Mucharzu","34-106 Mucharz; Jaszczurowa 255, 34-106, Poland",49.8115895,19.5586365
Spytkowice,Gimnazjum nr 2,"Spytkowice 566, 34-745 Spytkowice, Poland",49.58913560000001,19.8620555
Spytkowice,"Zespół Szkolno-Przedszkolny im. mjra HenrykaSucharskiego Gimnazjum nr 1 w Spytkowicach","Szkolna 14, 34-116 Spytkowice, Poland",49.9965683,19.5069708
Spytkowice,"Zespół Szkolno - Przedszkolny w BachowicachGimnazjum nr 3","Bachowice, Poland",49.95853839999999,19.4917955
Stryszów,Gimnazjum w Zakrzowie,"Zakrzów 131, 34-145 Zakrzów, Poland",49.826102,19.6563288
Tomice,Gimnazjum im. Noblistów Polskich w Tomicach,"Dworska 9A, 34-100 Tomice, Poland",49.9008371,19.4856329
Wadowice,Gimnazjum nr 1 im. Marii Skłodowskiej-Curie,"Henryka Sienkiewicza 9, 34-100 Wadowice, Poland",49.8836094,19.4964892
Wadowice,Gimnazjum nr 2,"Osiedle Kopernika 11, 34-100 Wadowice, Poland",49.878099,19.4990298
Wadowice,Gimnazjum,"Henryka Sienkiewicza 9, 34-100 Wadowice, Poland",49.8836094,19.4964892
Wadowice,Gimnazjum,"Henryka Sienkiewicza 9, 34-100 Wadowice, Poland",49.8836094,19.4964892
Wadowice,Zespół Szkół nr 1 - Gimnazjum nr 1,"Juliusza Słowackiego 4, 34-100 Wadowice, Poland",49.8831009,19.4890708
Wadowice,Gimnazjum,"Henryka Sienkiewicza 9, 34-100 Wadowice, Poland",49.8836094,19.4964892
Wadowice,Gimnazjum w Jaroszowicach,"Henryka Sienkiewicza 9, 34-100 Wadowice, Poland",49.8836094,19.4964892
Wadowice,Gimnazjum nr 2,"Osiedle Kopernika 11, 34-100 Wadowice, Poland",49.878099,19.4990298
Wadowice,"Publiczne Gimnazjum Stowarzyszenia PrzyjaciółSzkół Katolickich im. Św. Królowej Jadwigi","34-124 Barwałd Dolny; 64, 34-124, Poland",49.86461,19.5812001
Wadowice,"Publiczne Gimnazjum Stowarzyszenia PrzyjaciółSzkół Katolickich","34-124 Barwałd Dolny; 64, 34-124, Poland",49.86461,19.5812001
Wadowice,"Publiczne Gimnazjum Stowarzyszenia PrzyjaciółSzkół Katolickich","34-124 Barwałd Dolny; 64, 34-124, Poland",49.86461,19.5812001
Wieprz,"Zespół Szkolno-Przedszkolny nr 2 im. kard.Stefana Wyszyńskiego Gimnazjum nr 2 wWieprzu","Beskidzka 324, 34-122 Wieprz, Poland",49.9068737,19.372547
Wieprz,"Zespół Szkolno-Przedszkolny im. Wł.Broniewskiego - Gimnazjum w Przybradzu","Broniewskiego, Warszawa, Poland",52.26819099999999,20.9585716
Wieprz,"Zespół Szkolno-Przedszkolny im. MikołajaKopernika w Nidku - Gimnazjum w Nidku","św. Judy Tadeusza 2, 34-122 Nidek, Poland",49.9029587,19.3240964
Wieprz,"Zespół Szkolno-Przedszkolny im. MichałaSzczygła w Gierałtowicach-Gimnazjum","Św. Marcina 7, 34-122 Gierałtowice, Poland",49.9391306,19.3848771
Wieprz,"Zespół Szkolno-Przedszkolny Nr 1 Gimnazjum Nr1 w Wieprzu im. Jana Pawła II","Centralna 34, 34-108 Frydrychowice, Poland",49.8994593,19.4196227
Biskupice,"Gimnazjum im. ks. Karola Wojtyły wSławkowicach","Sławkowice 162, 32-020 Sławkowice, Poland",49.9348118,20.1457783
Gdów,Gimnazjum im. św. Brata Alberta w Gdowie,"1206, 32-420 Gdów, Poland",49.9038809,20.2009161
Gdów,Gimnazjum w Niegowici,"Niegowić 62, 32-420 Gdów, Poland",49.9378342,20.2409953
Kłaj,"Zespół Szkół Ogólnokształcących - PubliczneGimnazjum im. Ks. Jana Twardowskiego w Kłaju","Kłaj 361, 32-015 Kłaj, Poland",49.990336,20.308514
Kłaj,"Zespół Szkół Ogólnokształcących - Gimnazjum wTargowisku","Kłaj 361, 32-015 Kłaj, Poland",49.990336,20.308514
Kłaj,Gimnazjum im. Świętej Jadwigi Królowej,"Wiejska 302, 32-014 Szarów, Poland",49.9958585,20.2635617
Kłaj,"Zespół Szkół Ogólnokształcących - Gimnazjum wBrzeziu","Brzezie 362, 63-800 Brzezie, Poland",49.9903853,20.2276181
Niepołomice,"Gimnazjum im. Króla Władysława Jagiełły wNiepołomicach","Szkolna 3, 32-005 Niepołomice, Poland",50.0318763,20.2194608
Niepołomice,"Gimnazjum Niepubliczne im. ks. JanaTwardowskiego w Zabierzowie Bocheńskim","Zabierzów Bocheński 323, 32-007 Zabierzów Bocheński, Poland",50.0676593,20.3189831
Niepołomice,"Gimnazjum Niepubliczne im. św. Brata Alberta wPodłężu","Fidelusa 2012, 32-003 Podłęże, Poland",50.004667,20.1504685
Niepołomice,"Niepubliczne Gimnazjum im. św. Wojciecha wStaniątkach","Staniątki 5, 32-005 Staniątki, Poland",50.0113892,20.1944753
Wieliczka,Gimnazjum,"ul, Marszałka Józefa Piłsudskiego 20, 32-020 Wieliczka, Poland",49.9883353,20.0589117
Wieliczka,Gimnazjum w Koźmicach Wielkich,"Koźmice Wielkie 605, 32-020 Wieliczka, Poland",49.95092289999999,20.0345915
Wieliczka,Gimnazjum w Węgrzcach Wielkich,"Szkolna 518, 32-002 Węgrzce Wielkie, Poland",50.0153535,20.111138
Wieliczka,Gimnazjum w Dobranowicach,"Dobranowice 121, 32-020 Dobranowice, Poland",49.9423628,20.1164224
Wieliczka,Niepubliczne Gimnazjum w Podstolicach,"Podstolice 204, 32-020 Wieliczka, Poland",49.95697939999999,19.9948408
Wieliczka,Gimnazjum w Golkowicach,"Golkowice 65, 30-697 Golkowice, Poland",49.9694508,19.9692932
,"Gimnazjum nr 13 im. Adama Chmielowskiego -św. Brata Alberta","Józefa Mackiewicza 15, 31-214 Kraków, Poland",50.0934061,19.9457599
,"Gimnazjum Nr 20 im. Księcia JózefaPoniatowskiego","Senatorska 35, 30-001 Kraków, Poland",50.053765,19.9169309
,Gimnazjum nr 16,"Stanisława Konarskiego 2, 33-332 Kraków, Poland",50.06736859999999,19.9203747
,"Gimnazjum z Oddziałami Integracyjnymi nr 15 wKrakowie","Kluczborska 3, 30-001 Kraków, Poland",50.0872962,19.928737
,Gimnazjum Nr 19 w Krakowie,"Na Błonie 15B, 33-332 Kraków, Poland",50.07758,19.88239
,Gimnazjum nr 18,"Gimnazjum nr 18 Imienia Macieja Rataja, Aleja Jana Długosza 8, 20-054 Lublin, Poland",51.25065,22.542344
,"Gimnazjum z Oddziałami Integracyjnymi nr 12im. Księdza Kardynała Karola Wojtyły","Kluczborska 3, 30-001 Kraków, Poland",50.0872962,19.928737
,Gimnazjum Nr 17 im. Artura Grottgera,"Litewska 34, 30-014 Kraków, Poland",50.07761199999999,19.922117
,Gimnazjum nr 2,"Studencka 13, 31-116 Kraków, Poland",50.0626316,19.930086
,"Prywatne Gimnazjum z OddziałamiDwujęzycznymi nr 2 im. Noblistow Polskich","Kluczborska 3, 31-271 Kraków, Poland",50.0871414,19.9284337
,"Państwowa Ogólnokształcąca Szkoła SztukPięknych im. Józefa Czapskiego w Krakowie","Mlaskotów 6, 30-117 Kraków, Poland",50.05625209999999,19.915394
,"Publiczne Gimnazjum Sióstr Pijarek im. Św.Józefa Kalasancjusza","Grzegorza Korzeniaka 18, 30-298 Kraków, Poland",50.0730928,19.8338765
,"II Gimnazjum Małopolskiego Centrum Edukacji wKrakowie","Feliksa Szlachtowskiego 31, 30-001 Kraków, Poland",50.073279,19.9003423
,Gimnazjum Sportowe Nr 76,"aleja Kijowska 8, 30-079 Kraków, Poland",50.0699775,19.9149319
,Niepubliczne Gimnazjum im. Janusza Korczaka,"Janusza Korczaka, Kraków, Poland",50.09021629999999,19.9400296
,Gimnazjum z Oddziałami Dwujęzycznymi nr 83,"Andriollego 1, 01-494 Warszawa, Poland",52.2515039,20.9281943
,"Chrześcijańskie Gimnazjum ""Uczeń"" z OddziałamiIntegracyjnymi","Armii Krajowej 4, 30-150 Kraków, Poland",50.0705884,19.9019677
,"Niepubliczne Gimnazjum Embassy InternationalSchool","Edmunda Biernackiego 10, 30-043 Kraków, Poland",50.0730752,19.9242616
,Gimnazjum Nr 82,"Waleriana Czumy 8, 01-355 Warszawa, Poland",52.2353882,20.9099449
,Gimnazjum nr 14 im. Jana Kasprowicza,"Józefa Chełmońskiego 24, 31-322 Kraków, Poland",50.0870792,19.9135618
,Gimnazjum Specjalne nr 85,"Elektoralna 12/14, 00-139 Warszaw, Poland",52.2410049,20.9978929
,"Zespół Szkolno-Przedszkolny nr 5 - Gimnazjum nr39 im. Józefa Dietla w Krakowie","Osiedle Oświecenia 30, 30-001 Kraków, Poland",50.0902801,19.989903
,Gimnazjum nr 48 im. K. I. Gałczyńskiego,"Osiedle Kolorowe 29, 31-941 Kraków, Poland",50.0758322,20.0226967
,Gimnazjum Nr 37 z Oddziałami Integracyjnymi,"Niska 5, 00-001 Warszawa, Poland",52.2517313,20.9899484
,Salezjańskie Gimnazjum Publiczne,"34, Osiedle Piastów, 31-624 Kraków, Poland",50.09900769999999,20.0181527
,"Niepubliczne Gimnazjum OgólnokształcąceSzkoły Sportowej Piłki Nożnej im. GenerałaBernarda Monda","Generała Bernarda Monda, 31-619 Kraków, Poland",50.097215,20.0112685
,Gimnazjum nr 43,"Łozowa 53, 61-467 Poznań, Poland",52.3681282,16.9093017
,"Gimnazjum nr 49 im. Kawalerów OrderuUśmiechu w Zespole Szkół OgólnokształcącychIntegracyjnych nr 5 w Krakowie","Osiedle Słoneczne 12, 31-957 Kraków, Poland",50.078009,20.0419103
,"Publiczne Gimnazjum Sióstr Salezjanek im.Świętego Dominika Savio","17, 31-833 Kraków, Poland",50.0858768,20.0265523
,Gimnazjum nr 42 im. gen. Władysława Andersa,"Osiedle Józefa Strusia 19, 30-001 Kraków, Poland",50.0902687,20.0093305
,"IX Gimnazjum Małopolskiego Centrum Edukacjiw Krakowie","Feliksa Szlachtowskiego 31, 30-001 Kraków, Poland",50.073279,19.9003423
,Gimnazjum im. Bogdana Jańskiego,"Osiedle Niepodległości 19, 31-862 Kraków, Poland",50.0798218,20.0209976
,"Publiczne Gimnazjum im. Królowej Apostołówprzy Zespole Szkół Pallotyńskich w Krakowie","Bulwarowa 33, Kraków, Poland",50.0817861,20.0470555
,Społeczne Gimnazjum nr 3,"Osiedle Dywizjonu 303 35, 30-001 Kraków, Poland",50.0850944,20.0108011
,Gimnazjum nr 44,"Smolna 30, 00-001 Warszawa, Poland",52.2332002,21.0234359
,Gimnazjum Nr 47 - sportowe,"Osiedle Handlowe 4, 30-001 Kraków, Poland",50.07377899999999,20.0311666
,Gimnazjum Nr 36,"Osiedle Dywizjonu 303 66, 30-001 Kraków, Poland",50.083521,20.0062231
,Gimnazjum Nr 46 - Sportowe,"Os. Teatralne 35, 31-948 Kraków, Poland",50.0798303,20.0346755
,"Ogólnokształcąca Szkoła Muzyczna II Stopnia wZespole Państwowych Szkół Muzycznych im. M.Karłowicza","Osiedle Centrum E 2, 31-934 Kraków, Poland",50.0693518,20.0404339
,"ZSOI Nr 6 - Gimnazjum Integracyjne Nr 74 im. H.Sienkiewicza","Henryka Sienkiewicza, Kraków, Poland",50.0720986,19.92682
,Prywatne Gimnazjum Nr 1,"Patriotów 347, 04-760 Warszawa, Poland",52.20984319999999,21.1620126
,Gimnazjum nr 35,"Czernika 1/3, 90-001 Łódź, Poland",51.7575813,19.5269756
,"Zespół Szkół Ogólnokształcących nr 15 -Gimnazjum nr 33","Ludwika Rydygiera 20, 30-695 Kraków, Poland",50.0063703,20.006007
,Gimnazjum z Oddziałami Integracyjnymi nr 32,"Otwocka 3, 03-759 Warszawa, Poland",52.259183,21.0578443
,Gimnazjum nr 21,"Świętego Jerzego 4, 50-518 Wrocław, Poland",51.08744739999999,17.043082
,"Gimnazjum Nr 28 im. Marszałka JózefaPiłsudskiego","Doktora Stefana Kopcińskiego 54, 90-001 Łódź, Poland",51.7662445,19.484608
,Gimnazjum nr 29 w Krakowie,"Aleksandry 17, 30-001 Kraków, Poland",50.01273,20.016843
,Gimnazjum Nr 26 w Krakowie,"Mirtowa 2, 30-698 Kraków, Poland",49.9840917,19.9499112
,"Społeczne Gimnazjum Nr 1 im. ZbigniewaHerberta","Forteczna 54, 30-437 Kraków, Poland",49.99960910000001,19.9116807
,Gimnazjum Nr 25 im. prof. J. Aleksandrowicza,"Adolfa Aleksandrowicza, Kraków, Poland",49.977888,19.9492987
,Gimnazjum nr 51,"Grochowa 23, 30-731 Kraków, Poland",50.03501989999999,19.99714
,Prywatne Gimnazjum,"101 Independence Ave SE, Washington, DC 20540, USA",38.888684,-77.004719
,Gimnazjum z Oddziałami Integracyjnymi nr 23,"Medyków 27, 40-751 Katowice, Poland",50.2233697,18.9586372
,Gimnazjum nr 24,"Stanisława Przybyszewskiego 59, 50-001 Wrocław, Poland",51.13773,17.0610536
,Gimnazjum Nr 27,"Czeska 40, 51-112 Wrocław, Poland",51.1375858,17.0281487
,Gimnazjum Nr 30 im. Stefana Żeromskiego,"Telimeny 9, 30-838 Kraków, Poland",50.019941,20.016192
,Gimnazjum Specjalne nr 59,"Górka Narodowa 116, 31-234 Kraków, Poland",50.1067534,19.9564036
,Gimnazjum nr 9,"Prymasa Stefana Wyszyńskiego 22-24, 62-800 Kalisz, Poland",51.7485934,18.0496661
,Gimnazjum nr 34,"90-001, Czajkowskiego 14, Łódź, Poland",51.75556100000001,19.541094
,"Gimnazjum Specjalne im. Świętej SiostryFaustyny","Siostry Faustyny, Kraków, Poland",50.0204982,19.938356
,"Gimnazjum z Oddziałami Integracyjnymi nr 75im. Polskich Kawalerów Maltańskich","Czarnogórska 14, 30-001 Kraków, Poland",50.0193389,19.9714011
,Gimnazjum nr 80,"Hugona Kołłątaja 80/82, 05-400 Otwock, Poland",52.1215056,21.2463811
,"Społeczne Gimnazjum nr 5 SpołecznegoTowarzystwa Oświatowego","Kurczaba 5, 30-868 Kraków, Poland",50.0152086,20.0043807
,"Gimnazjum Zgromadzenia Sióstr NajświętszejRodziny z Nazaretu","34-114 Marcyporęba; 5, 34-114, Poland",49.9451675,19.6168635
,Tynieckie Gimnazjum Społeczne,"30-398 Kraków; Śmiałego 6, Poland",50.0164205,19.80886
,Gimnazjum Rajska Szkoła,"Tuchowska 113, 32-020 Kraków, Poland",49.991253,19.972002
,Katolickie Gimnazjum Montessori,"Księdza Stefana Pawlickiego 1, 30-320 Kraków, Poland",50.0446666,19.9182971
,"KOSTKA Publiczne Gimnazjum Jezuitów im. Św.Stanisława Kostki w Krakowie","Spółdzielców 5, 30-682 Kraków, Poland",50.0180249,19.9807761
,"Niepubliczne Gimnazjum ""Wolna SzkołaWaldorfska""","Zawiła 4, 30-001 Kraków, Poland",50.0068943,19.9232234
,Gimnazjum Nr 6,"Niemierzyńska 17A, 71-441 Szczecin, Poland",53.449375,14.5361781
,Gimnazjum nr 5,"Józefa Poniatowskiego 55, 37-450 Stalowa Wola, Poland",50.5817752,22.0608422
,Prywatne Gimnazjum Nr 8 im. Mikołaja Reja,"Grodzka 60, 31-044 Kraków, Poland",50.0558059,19.9392119
,"Publiczne Gimnazjum nr 52 Ojców Pijarów im.ks. Stanisława Konarskiego","Mirosława Dzielskiego 1, 30-198 Kraków, Poland",50.0840498,19.9765063
,"Gimnazjum z Oddziałem Dwujęzycznym im.Piotra Michałowskiego TSSP","Piotra Michałowskiego 10, 31-126 Kraków, Poland",50.0662798,19.9283458
,"Prywatne Gimnazjum nr 4 ""Inspiracja""","Śniadeckich 12b, 31-531 Kraków, Poland",50.0599761,19.9557266
,Publiczne Gimnazjum nr 53 Sióstr Prezentek,"Św. Jana 7, 31-017 Kraków-Śródmieście, Poland",50.0634433,19.9390232
,"Społeczne Gimnazjum Nr 7 im. JuliuszaSłowackiego Społecznego TowarzystwaOświatowego","Stradomska 10, 31-058 Kraków, Poland",50.0531498,19.9403284
,"Prywatne Gimnazjum Akademickie nr 6 im.Fryderyka Chopina","Karmelicka 45, 31-128 Kraków, Poland",50.06769380000001,19.9282538
,"Publiczne Gimnazjum Nr 72 im. św. Tomasza zVillanova Zgromadzenia Sióstr Augustianek","Skałeczna 10, 31-065 Kraków, Poland",50.04890839999999,19.9409591
,Prywatne Gimnazjum nr 7,"17, Basztowa, Kraków, Poland",50.06626,19.940659
,Gimnazjum Nr 8 Mistrzostwa Sportowego,"Grochowska 20, 30-001 Kraków, Poland",50.073724,19.962417
,Gimnazjum nr 4,"Łąkowa 6, 39-300 Mielec, Poland",50.29748600000001,21.469511
,Gimnazjum nr 7 im. Bartosza Głowackiego,"Stanisława Jachowicza 5, 31-564 Kraków, Poland",50.0619465,19.9781067
,Gimnazjum nr 1 im. ks. Stanisława Konarskiego,"Bernardyńska 7, 33-332 Kraków, Poland",50.0527604,19.9362688
,Prywatne Gimnazjum Brytyjskie w Krakowie,"Smoleńsk 25, 31-108 Kraków, Poland",50.0588935,19.929046
,Prywatne Gimnazjum Nr 5 w Krakowie,"Sławkowska 20, 31-016 Kraków, Poland",50.0641862,19.9378146
,"Społeczne Gimnazjum nr 8 SpołecznegoTowarzystwa Oświatowego","Stanisława ze Skalbmierza 7, 31-436 Kraków, Poland",50.081898,19.9674362
,"Atut Lider Kształcenia Gimnazjum dla Dorosłychw Krakowie","Kraków, Poland",50.06465009999999,19.9449799
,"Katolickie Gimnazjum Ruchu Światło-Życie im.ks. Franciszka Blachnickiego w Krakowie","Strzelców 5a, 30-001 Kraków, Poland",50.0917764,19.9711383
,"Krakowska Szkoła Innowacji - Gimnazjum dlaDorosłych","Dietla 70, 31-039 Kraków, Poland",50.05574259999999,19.9443157
,"Gimnazjum z Oddziałami Integracyjnymi nr 11im. płk. pilota Stanisława Skarżyńskiego","Stanisława Skarżyńskiego, Kraków, Poland",50.08504490000001,19.9972306
,"Kolegium Europejskie - Publiczne EuropejskieGimnazjum w Krakowie","Metalowców 6, 31-537 Kraków, Poland",50.0582782,19.9499398
,"Katolickie Gimnazjum im. Świętej Rodziny zNazaretu","Pędzichów 13, 31-152 Kraków, Poland",50.069949,19.9404944
,Gimnazjum Specjalne nr 84,"Aleksandra Lubomirskiego 21, 30-001 Kraków, Poland",50.0675166,19.9532063
M. Nowy Sącz,Gimnazjum nr 6 im. Tadeusza Kościuszki,"Grzegorza Piramowicza 16, 33-300 Nowy Sącz, Poland",49.5987462,20.6869391
M. Nowy Sącz,"Gimnazjum nr 2 im. ks. Jana Twardowskiego wNowym Sączu","Szkolna 7, 33-300 Nowy Sącz, Poland",49.627577,20.697638
M. Nowy Sącz,"Gimnazjum nr 3 z Oddziałami Dwujęzycznymi im.Henryka Sienkiewicza w Nowym Sączu","Królowej Jadwigi 29, 33-300 Nowy Sącz, Poland",49.6133086,20.7077887
M. Nowy Sącz,"Gimnazjum Nr 5 z Oddziałami Integracyjnymi im.Świętej Kingi w Nowym Sączu","Nadbrzeżna 77, 33-300 Nowy Sącz, Poland",49.62069469999999,20.7160963
M. Nowy Sącz,Gimnazjum Nr 1 im. Jana Długosza,"Jana Długosza 5, 33-320 Nowy Sącz, Poland",49.621679,20.6951576
M. Nowy Sącz,"Gimnazjum Akademickie im. Króla BolesławaChrobrego","Jagiellońska 63, 33-300 Nowy Sącz, Poland",49.6150385,20.6950848
M. Nowy Sącz,"Zespół Szkół Podstawowo-Gimnazjalnych nr 1im. Bohaterów Sądecczyzny w Nowym SączuGimnazjum Nr 9 im. Bohaterów Sądecczyzny","29 Listopada 22, 33-300 Nowy Sącz, Poland",49.6028522,20.7136659
M. Nowy Sącz,"Gimnazjum nr 10 im. ""Orląt Lwowskich""","Generała Bora-Komorowskiego 7, 33-300 Nowy Sącz, Poland",49.5792014,20.7307115
M. Nowy Sącz,"Katolickie Gimnazjum im. Bł. Piotra JerzegoFrassati w Nowym Sączu","plac Kolegiacki 2, 33-300 Nowy Sącz, Poland",49.6251087,20.6940735
M. Nowy Sącz,"Gimnazjum nr 11 im. A. Mickiewicza w NowymSączu","Adama Mickiewicza, Nowy Sącz, Poland",49.6186956,20.6947886
M. Nowy Sącz,Gimnazjum Akademickie Jezuitów,"33-300 Nowy Sącz; ks. Skargi 10, Poland",49.62652,20.69141
M. Nowy Sącz,"Katolicka Niepubliczna Ogólnokształcąca SzkołaMuzyczna","300, Świętego Ducha 4, Nowy Sącz, Poland",49.6259327,20.6928483
M. Tarnów,Gimnazjum nr 1 w Tarnowie,"Reymonta 30, 33-100 Tarnów, Poland",50.00940070000001,20.9690702
M. Tarnów,"Gimnazjum Nr 2 im. Mikołaja Kopernika wTarnowie","Kopernika, 33-100 Tarnów, Poland",50.0139197,20.9840307
M. Tarnów,Gimnazjum Nr 4 im. Jerzego Brauna w Tarnowie,"Bitwy pod Studziankami 5, 33-100 Tarnów, Poland",50.01949510000001,21.0041214
M. Tarnów,Gimnazjum nr 6 w Tarnowie im. Jana Pawła II,"osiedle Legionów H. Dąbrowskiego 16, 33-100 Tarnów, Poland",50.0269823,21.0021163
M. Tarnów,"Gimnazjum Nr 7 z Odziałami Integracyjnymi im.Janusza Korczaka w Tarnowie","Bandrowskiego 4, 33-100 Tarnów, Poland",50.0091061,20.9806661
M. Tarnów,Gimnazjum nr 8 im. Stanisława Westwalewicza,"Westwalewicza, Tarnów, Poland",50.011453,20.9939121
M. Tarnów,"Gimnazjum nr 11 im. Romana Brandstaettera wTarnowie","Szujskiego 15, 33-110 Tarnów, Poland",50.015323,20.974667
M. Tarnów,"Ogólnokształcąca Szkoła Muzyczna II Stopnia im.I. J. Paderewskiego","Lippóczy’ego 4, 33-100 Tarnów, Poland",50.0237096,20.9844523
M. Tarnów,Ogólnokształcąca Szkoła Sztuk Pięknych,"Westwalewicza 6, 33-100 Tarnów, Poland",50.011551,20.9941945
M. Tarnów,"Gimnazjum Nr 9 z Klasami Sportowymi wZespole Szkół Sportowych w Tarnowie","Zbylitowska 7, 33-101 Tarnów, Poland",50.0084082,20.9181362
M. Tarnów,"Gimnazjum nr 10 w Zespole SzkółOgólnokształcących nr 1 w Tarnowie","33-101, Norwida 22, 33-100 Tarnów, Poland",49.9994124,20.9280432
M. Tarnów,Gimnazjum Dwujęzyczne im. Świętej Kingi,"Mickiewicza 16, 33-100 Tarnów, Poland",50.0155156,20.9939241
M. Tarnów,Niepubliczne Niepłatne Gimnazjum,"Szewska 7, 33-110 Tarnów, Poland",50.009006,20.9903038
M. Tarnów,"Społeczne Gimnazjum Matematyczno-Przyrodnicze Społecznego TowarzystwaOświatowego","Matejki 6, 33-100 Tarnów, Poland",50.01468790000001,20.9812681
M. Tarnów,"Niepubliczne Niepłatne Gimnazjum ""UKonarskiego"" w Tarnowie","Szewska 7, 33-110 Tarnów, Poland",50.009006,20.9903038
M. Tarnów,"Niepubliczne Niepłatne Gimnazjum ""Piętnastka""w Tarnowie","Błotna 2, 33-100 Tarnów, Poland",50.0048288,21.0106212
M. Tarnów,Katolickie Gimnazjum w Tarnowie,"Warzywna 3, 33-100 Tarnów, Poland",50.01287139999999,20.9991887
M. Tarnów,"Prywatne Gimnazjum Specjalne ""LIBERTIA"" dlamłodzieży przy MOS ""LIBERTIA"" w Tarnowie","33-100 Tarnow, Poland",50.0121011,20.9858407
M. Tarnów,"Gimnazjum z Oddziałami Przysposabiającymi doPracy","Romanowicza 9, 33-100 Tarnów, Poland",50.0225904,20.9839342
M. Tarnów,Niepubliczne Gimnazjum,"Szewska 7, 33-110 Tarnów, Poland",50.009006,20.9903038
