0,"Biała 2, 32-700 Bochnia, Poland",49.9687748,20.4282991
1,"Oracka 6, 32-700 Bochnia, Poland",49.970194,20.424768
2,"Konfederatów Barskich 27, 32-700 Bochnia, Poland",49.969414,20.440319
3,"Kazimierza Wielkiego 71, 32-700 Bochnia, Poland",49.96450189999999,20.4219934
4,"Generała Jakubowskiego 12, 32-701 Bochnia, Poland",49.9650997,20.4106477
5,"Konfederatów Barskich 27, 32-700 Bochnia, Poland",49.969414,20.440319
6,"32-742 Nieszkowice Małe, Poland",49.93646340000001,20.3229239
7,"Nieszkowice Wielkie 67, 32-700 Nieszkowice Wielkie, Poland",49.9148772,20.3957597
8,"437, 32-744 Łapczyca, Poland",49.961778,20.376264
9,"Dąbrowica 67, 32-744 Dąbrowica, Poland",49.9349472,20.3579644
10,"32-700 Gawłów, Poland",50.02475459999999,20.461918
11,"83, 32-711 Bogucice, Poland",50.05916000000001,20.49046
12,"32-700 Damienice, Poland",49.99197969999999,20.3963447
13,"32-700 Pogwizdów; 26, Poland",49.92419,20.40233
14,"Stanisławice Stanisławice 306, 32-015 Kłaj, Poland",49.982035,20.3503181
15,"23 ul. Prof.Jana Czubka, 32-708 Baczków, Poland",50.032886,20.442024
16,"32-708, Poland",50.13054529999999,20.4592956
17,"Gmina Drwinia, Poland",50.0950038,20.4334818
18,"Gmina Drwinia, Poland",50.0950038,20.4334818
19,"Mikluszowice 228, 32-708 Dziewin, Poland",50.0593352,20.4574657
20,"Lipnica Murowana, Lipnica Górna 59, 32-724 Lipnica Górna, Poland",49.8595407,20.5248937
21,"32-725 Rajbrot; 362, 32-725, Poland",49.8214024,20.4871384
22,"Cichawka 8, 32-740 Cichawka, Poland",49.8764012,20.3475165
23,"32-741 Tarnawa, Poland",49.82749399999999,20.301462
24,"100, 32-742 Sobolów, Poland",49.9068467,20.3408526
25,"32-740 Łapanów, Poland",49.8645692,20.2893319
26,"32-740 Łapanów; 195, 32-740, Poland",49.8669553,20.2885039
27,"32-720 Nowy Wiśnicz, Poland",49.9158004,20.4612616
28,"32-720 Stary Wiśnicz, Poland",49.9232808,20.4812728
29,"Aleja Prymasa Tysiąclecia, Warszawa, Poland",52.2389114,20.9561244
30,"Szkolna 1, 32-720 Nowy Wiśnicz, Poland",49.9110021,20.4641287
31,"Szkolna 1, 32-720 Nowy Wiśnicz, Poland",49.9110021,20.4641287
32,"Szkolna 1, 32-720 Nowy Wiśnicz, Poland",49.9110021,20.4641287
33,"32-712 Dąbrówka, Poland",50.03320069999999,20.5594057
34,"200, 32-700 Krzeczów, Poland",49.9875808,20.4780647
35,"Borek, Poland",50.01803959999999,20.5308831
36,"Łazy, Poland",49.9705331,20.5153414
37,"32-765 Rzezawa; Szkolna 11, 32-765, Poland",49.9876145,20.5161096
38,"200, 32-700 Krzeczów, Poland",49.9875808,20.4780647
39,"Kamionna 263, 32-732 Kamionna, Poland",49.7980262,20.3670753
40,"32-733 Leszczyna, Poland",49.8580429,20.4059638
41,"33-332 Trzciana, Poland",49.8464201,20.365533
42,"Srokówka, 33-332 Trzciana, Poland",49.8461918,20.3649321
43,"32-732 Kierlikówka; 4, 32-732, Poland",49.8311103,20.375826
44,"32-731, Poland",49.8311193,20.4220662
45,"32-731 Rozdziele; 156, Poland",49.7884331,20.4451589
46,"32-731 Żegocina; 50, Poland",49.8130102,20.4221249
47,"Bytomsko 77, 37-731 Żegocina, Poland",49.8184569,20.4469876
48,"32-823 Przyborów; 192, 74-200, Poland",50.0397791,20.6551915
49,"Borzęcin 321b, 32-825 Borzęcin, Poland",50.1011985,20.6981859
50,"Borzęcin 321b, 32-825 Borzęcin, Poland",50.1011985,20.6981859
51,"Bielcza 294A, 32-824 Bielcza, Poland",50.02293539999999,20.7383148
52,"Królowej Jadwigi 18, 32-800 Brzesko, Poland",49.9746811,20.6042971
53,"Legionów Piłsudskiego 23, 32-800 Brzesko, Poland",49.9726106,20.6122009
54,"Okulicka 6, 32-800 Bucze, Poland",50.03517429999999,20.6117249
55,"Zielna 1, 32-800 Jasień, Poland",49.9664019,20.575886
56,"Legionów Piłsudskiego 23, 32-800 Brzesko, Poland",49.9726106,20.6122009
57,"32-823 Sterkowiec; Sosnowa 20, Poland",49.995712,20.6781449
58,"św. Stanisława 5, 32-823 Szczepanów, Poland",50.0046287,20.6548976
59,"Legionów Piłsudskiego 23, 32-800 Brzesko, Poland",49.9726106,20.6122009
60,"św. Prokopa 4, 32-851 Jadowniki, Poland",49.9679525,20.6441221
61,"Szkolna 5, 32-851 Jadowniki, Poland",49.9804088,20.6427205
62,"32-860 Domosławice; 24, 32-860, Poland",49.8631401,20.7262542
63,"32-860 Czchów, Poland",49.8521327,20.6921659
64,"Szkolna 2, 32-860 Czchów, Poland",49.8348889,20.675036
65,"Tymowa, Poland",49.85276280000001,20.6154297
66,"32-860 Czchów, Poland",49.8521327,20.6921659
67,"Szkolna 2, 32-860 Czchów, Poland",49.8348889,20.675036
68,"Szkolna 2, 32-860 Czchów, Poland",49.8348889,20.675036
69,"32-828 Biadoliny Szlacheckie, Poland",49.9982945,20.7391449
70,"74-400 Debno, Poland",52.739,14.6979901
71,"32-852 Wola Dębińska, Poland",49.9804544,20.6877892
72,"151, Jaworska 32-853, 59-420 Bolków, Poland",49.907852,20.757475
73,"32-852 Łoniowa, Poland",49.9157527,20.6942238
74,"32-854, Niedźwiedź 130, 34-735 Niedźwiedź, Poland",49.8985037,20.713587
75,"Łysa Góra 275, 32-853 Łysa Góra, Poland",49.932486,20.735847
76,"Maszkienice 51, 32-828 Biadoliny Szlacheckie, Poland",49.9869978,20.6908316
77,"212, 32-852 Dębno, Poland",49.9611252,20.7194853
78,"Jana Pawła II, 74-400 Dębno, Poland",52.736247,14.698677
79,"DK75 336, 32-864, Poland",49.89615190000001,20.6060835
80,"DK75 336, 32-864, Poland",49.89615190000001,20.6060835
81,"32-865 Biesiadki, Poland",49.8908076,20.6646281
82,"Lewniowa 275, 32-864 Lewniowa, Poland",49.8803278,20.6459566
83,"32-861 Iwkowa; 463, 32-861, Poland",49.8262763,20.5491216
84,"32-861 Iwkowa; 463, 32-861, Poland",49.8262763,20.5491216
85,"Kąty 21, 32-862, Poland",49.7871799,20.6009745
86,"Wojakowa 49, 32-862 Wojakowa, Poland",49.80255589999999,20.561647
87,"32-861 Iwkowa; 463, 32-861, Poland",49.8262763,20.5491216
88,"Strzelce Wielkie 60, 32-822 Strzelce Wielkie, Poland",50.1008753,20.5812743
89,"Rynek 14, 32-820 Szczurowa, Poland",50.118053,20.6365279
90,"Szkoła Podstawowa Imienia Króla Kazimierza Wielkiego, Szkolna 80a, 32-813 Uście Solne, Poland",50.1208566,20.5168976
91,"Rynek 14, 32-820 Szczurowa, Poland",50.118053,20.6365279
92,"102, 32-820 Wola Przemykowska, Poland",50.179119,20.676236
93,"63, 32-821 Zaborów, Poland",50.1474437,20.6896518
94,"32-566 Poręba Żegoty, Poland",50.0577742,19.5661595
95,"Marii Skłodowskiej-Curie 4, 32-566 Alwernia, Poland",50.0649528,19.5426553
96,"Jana Pawła II 10, 32-566 Regulice, Poland",50.0850587,19.5321035
97,"Marii Skłodowskiej-Curie 4, 32-566 Alwernia, Poland",50.0649528,19.5426553
98,"Jana Pawła II 2, 32-566 Kwaczała, Poland",50.0660396,19.4946508
99,"Bartosza Głowackiego 11, 32-566 Grojec, Poland",50.0878526,19.5617409
100,"Nowowiejska 24, 32-566 Okleśna, Poland",50.0291222,19.5352119
101,"Rozkochów; Chemików 4, 32-551, Poland",50.0456273,19.4937694
102,"32-551 Jankowice; Staszica 201, DW781, 32-551, Poland",50.0460732,19.4477706
103,"Księdza Karola Wojtyły 21, 32-551 Mętków, Poland",50.0506569,19.3802791
104,"Józefa Piłsudskiego 139, 32-555 Zagórze, Poland",50.0941747,19.399027
105,"Marcina Borelowskiego 1, 32-500 Chrzanów, Poland",50.1452353,19.4065588
106,"Kardynała Wyszyńskiego 19, 32-500 Chrzanów, Poland",50.1421722,19.4171079
107,"Aleja Henryka 43, 32-500 Chrzanów, Poland",50.1390878,19.4011045
108,"Fabryczna 23, 32-500 Chrzanów, Poland",50.1292815,19.3958839
109,"Dworska, 32-500 Chrzanów, Poland",50.13492249999999,19.4202993
110,"Pogorska 8, 32-500 Chrzanów, Poland",50.1331795,19.4072033
111,"Stanisława Przybyszewskiego 6, 32-500 Luszowice, Poland",50.1725211,19.4068712
112,"32-552 Płaza; Wiosny Ludów 2, 32-552, Poland",50.0974776,19.4634074
113,"Jaworznicka 139, 32-500 Balin, Poland",50.1709082,19.3736818
114,"Szymanowskiego 21, 32-500 Pogorzyce, Poland",50.1061795,19.4163782
115,"Świętokrzyska 86, 32-500 Chrzanów, Poland",50.1368924,19.4030452
116,"Heleny Kmieć 2, 32-590 Libiąż, Poland",50.09979500000001,19.309824
117,"Plac Zwycięstwa 2, 32-590 Libiąż, Poland",50.0994636,19.3056466
118,"Świętej Barbary, 32-590 Libiąż, Poland",50.0990694,19.3239212
119,"Heleny Kmieć 2, 32-590 Libiąż, Poland",50.09979500000001,19.309824
120,"Paderewskiego 2, 32-590 Libiąż, Poland",50.103481,19.323837
121,"Heleny Kmieć 2, 32-590 Libiąż, Poland",50.09979500000001,19.309824
122,"24 Stycznia 47, 32-540 Trzebinia, Poland",50.1762214,19.4490685
123,"osiedle Gaj 39, 32-541 Trzebinia, Poland",50.20113749999999,19.4403078
124,"Osiedle Widokowe 21, 32-540 Trzebinia, Poland",50.1604368,19.4776798
125,"Kamieniec 1, 32-546 Młoszowa, Poland",50.1517682,19.4895112
126,"Zakopiańska 14, 32-540 Bolęcin, Poland",50.1136091,19.4777191
127,"Szkolna 17, 32-545 Karniowice, Poland",50.17469939999999,19.5340039
128,"Szkolna 1, 32-543 Myślachowice, Poland",50.2050572,19.5109771
129,"Paderewskiego 65, 32-545 Dulowa, Poland",50.1502091,19.5213085
130,"Szkolna 6, 32-543 Płoki, Poland",50.2051758,19.5119461
131,"1 Maja 60, 32-540 Trzebinia, Poland",50.1666981,19.4470935
132,"Szkolna 11, 32-541 Czyżówka, Poland",50.208274,19.473866
133,"Bolesław 95, 33-220 Bolesław, Poland",50.2722005,20.9006139
134,"Kościelna 25A, 33-200 Dąbrowa Tarnowska, Poland",50.17226429999999,20.9880508
135,"Matejki 8, 33-200 Dąbrowa Tarnowska, Poland",50.1762392,20.9844312
136,"210, 33-200 Gruszów Wielki, Poland",50.1920438,21.0333437
137,"33-200, Poland",50.1410665,21.0486997
138,"33-205 Nieczajna Górna; 337, Poland",50.1800911,21.0526877
139,"330, 33-202 Smęgorzów, Poland",50.2290286,21.0033897
140,"33-200 Laskówka Chorąska, Poland",50.1224994,20.9712345
141,"Kościelna 25A, 33-200 Dąbrowa Tarnowska, Poland",50.17226429999999,20.9880508
142,"Żelazówka 1B, 33-200 Żelazówka, Poland",50.1371295,20.9925365
143,"33-221 Wola Mędrzechowska, Poland",50.2670995,21.0151864
144,"Mędrzechów, Poland",50.2815567,20.9469403
145,"33-264 Pilcza Żelichowska, Poland",50.2091816,20.8626905
146,"Szkolna 5, 33-210 Olesno, Poland",50.2037258,20.9284566
147,"33-263 Zalipie, Poland",50.2374267,20.8478132
148,"330, 33-202 Smęgorzów, Poland",50.2290286,21.0033897
150,"Adama Mickiewicza 39, 33-207 Radgoszcz, Poland",50.2355896,21.1018563
151,"pl. św. Kazimierza 10, 33-207 Radgoszcz, Poland",50.20565089999999,21.1122945
152,"33-203 Borki, Poland",50.318942,21.1422219
153,"33-230 Słupiec; 27, Poland",50.3213185,21.1950373
154,"33-230 Szczucin, Poland",50.3094981,21.074546
155,"135, 33-230 Zabrnie, Poland",50.27679269999999,21.0984778
156,"Kościuszki 30, 33-230 Szczucin, Poland",50.3133157,21.075924
157,"Piękna 9, 38-300 Gorlice, Poland",49.6534941,21.1599174
158,"Kardynała Stefana Wyszyńskiego 16, 38-300 Gorlice, Poland",49.67495659999999,21.1675511
159,"Piękna 9, 38-300 Gorlice, Poland",49.6534941,21.1599174
160,"Generała Józefa Hallera 79, 38-300 Gorlice, Poland",49.66401399999999,21.1577949
161,"Grodzka 22, 38-340 Biecz, Poland",49.730721,21.2523115
162,"ks. Bochniewicza 2, 38-340 Biecz, Poland",49.7308714,21.2464629
163,"Binarowa 458, 38-340 Binarowa, Poland",49.7554828,21.2268734
164,"Libusza 679, 38-306 Libusza, Poland",49.6941825,21.2370707
165,"korczyna 213, 38-340 Korczyna, Poland",49.7023898,21.2421513
166,"Rożnowice 325, 38-323 Rożnowice, Poland",49.7597628,21.1611518
167,"38-340 Biecz, Poland",49.73554,21.26331
168,"Strzeszyn 391, 38-340 Biecz, Poland",49.7221319,21.2108565
169,"38-323 Racławice; 190, 38-323, Poland",49.7490362,21.1843255
170,"Bohaterów Bobowej 6, 38-350 Bobowa, Poland",49.7081144,20.9472473
171,"Bohaterów Bobowej 6, 38-350 Bobowa, Poland",49.7077681,20.946519
172,"Siedliska 259, 38-324 Siedliska, Poland",49.7301507,20.9842971
173,"Bohaterów Bobowej 6, 38-350 Bobowa, Poland",49.7077681,20.946519
174,"38-350 Brzana; 10, 38-350, Poland",49.7185664,20.9180496
175,"Siedliska 259, 38-324 Siedliska, Poland",49.7301507,20.9842971
176,"29, 38-350 Wilczyska, Poland",49.6771036,20.9356495
177,"Stróżowska, Gorlice, Poland",49.66709179999999,21.1442795
178,"Ropica Polska 70, 38-300 Ropica Polska, Poland",49.6403748,21.143703
179,"Ariańska 3, 38-300 Gorlice, Poland",49.652845,21.1623512
180,"Klęczany 1a, Okocim, Poland",49.7012765,21.2123524
181,"Zagórzany 230, 38-333 Zagórzany, Poland",49.698753,21.158149
182,"Kobylanka 413, 38-303 Kobylanka, Poland",49.66885689999999,21.2221098
183,"Bystra 154, 38-300 Gorlice, Poland",49.6551321,21.0939758
184,"38-333 Kwiatonowice, Poland",49.7204379,21.161789
185,"Kryg 397, 38-304 Kryg, Poland",49.65745039999999,21.2563187
186,"38-305 Lipinki, Poland",49.6709955,21.294304
187,"Pagorzyna 46, 38-305 Pagorzyna, Poland",49.688044,21.3323118
188,"38-305 Wójtowa; 52, Poland",49.6980801,21.303408
189,"38-324 Biesna, Poland",49.7282427,21.0043665
190,"38-331 Bieśnik, Poland",49.6695342,21.0524558
191,"38-331 Szalowa; 16, 38-331 Szalowa, Poland",49.6824697,21.0210907
192,"38-322 Mszanka, Poland",49.6870019,21.1015077
193,"52, 38-322 Wola Łużańska, Poland",49.6823936,21.0714596
194,"38-322 Łużna; 723, Poland",49.7101882,21.0545813
195,"Łużna 90, 38-322 Łużna, Poland",49.71441189999999,21.02019
196,"38-321 Staszkówka, Poland",49.743524,21.0623177
197,"38-321 Moszczenica, Poland",49.7236261,21.1013246
199,"Ropa 91, 38-312 Ropa, Poland",49.5786171,21.058659
200,"38-314, Poland",49.6012873,21.0437563
201,"38-307,, Sękowa, Poland",49.61653279999999,21.2013244
202,"38-307 Siary, Poland",49.6265834,21.1777216
203,"Gładyszów 70, 38-315 Gładyszów, Poland",49.5175944,21.2580453
204,"Uście Gorlickie 186, 38-315 Uście Gorlickie, Poland",49.5181946,21.1336645
205,"Brunary; 50, Poland",49.53211659999999,21.0357456
206,"Brunary; 50, Poland",49.53211659999999,21.0357456
207,"Hańczowa 80, 38-316 Wysowa Zdrój, Poland",49.4689015,21.1589814
208,"38-316 Wysowa-Zdrój; 97, Poland",49.4420782,21.1730513
209,"32-061 Rybna; 464, 32-061, Poland",50.0510161,19.6513229
210,"Czernichów 26, 32-070 Czernichów, Poland",49.9872285,19.679654
211,"Gmina Czernichów, Poland",50.0120706,19.6444571
212,"32-060 Nowa Wieś Szlachecka, Poland",50.026212,19.6970908
213,"32-061 Przeginia Duchowna, Poland",50.0189748,19.6541932
214,"Rusocice 115, 32-071 Rusocice, Poland",49.9977944,19.6042553
215,"10, 32-070 Wołowice, Poland",49.9942241,19.7308351
216,"Czułówek 85, 32-061 Czułówek, Poland",50.0432862,19.6815244
217,"Tadeusza Kościuszki 15, 32-100 Proszowice, Poland",50.192561,20.286222
218,"32-126, Igołomia 252, 32-125 Igołomia, Poland",50.09593960000001,20.2508229
219,"32-126, Igołomia 252, 32-125 Igołomia, Poland",50.09593960000001,20.2508229
220,"32-126 Tropiszów; 212, 32-126, Poland",50.1042606,20.2163375
221,"32-095 Iwanowice Włościańskie; 98, 32-095, Poland",50.2228697,19.9782793
222,"32-095 Iwanowice Włościańskie; 98, 32-095, Poland",50.2228697,19.9782793
223,"Droga Wojewódzka 773 92, 32-095, Poland",50.2235717,20.0092656
224,"49, Centralna, 32-095 Narama, Poland",50.1849339,19.933165
225,"32-095 Widoma, Poland",50.2048937,20.0021788
226,"155, 32-095 Celiny, Poland",50.26742489999999,19.9782873
227,"Przeginia 403, 32-049 Przeginia, Poland",50.2359699,19.689304
228,"Czubrowice 85, Czubrowice, Poland",50.2133072,19.6874464
229,"32-049 Racławice; 329, 32-049, Poland",50.2048066,19.673488
230,"Szkolna 2, 32-048 Jerzmanowice, Poland",50.2131088,19.7469636
231,"Gotkowice 56, 32-049 Gotkowice, Poland",50.22584579999999,19.7342884
232,"32-010 Goszcza, Poland",50.1876691,20.0669787
233,"53, 32-010 Goszyce, Poland",50.1763906,20.1301443
234,"Czulice 1, 32-010 Czulice, Poland",50.1274676,20.1887579
235,"Luborzyca 98, 32-010 Luborzyca, Poland",50.1359886,20.1131277
236,"32-010 Wysiółek Luborzycki, Poland",50.1446573,20.1090842
237,"Łososkowice 34, 32-010 Łososkowice, Poland",50.192732,20.157495
238,"Łuczyce 116, 32-010 Kocmyrzów, Poland",50.1633217,20.0823911
239,"32-010 Maciejowice, Poland",50.1422827,20.0724882
240,"Pietrzejowice 52, 32-010 Kocmyrzów-Luborzyca, Poland",50.15505690000001,20.1484496
241,"32-010, Poland",50.1128299,20.0840592
242,"Szkolna 7, 32-065 Krzeszowice, Poland",50.1374082,19.6327321
243,"32-067 Sanka; 266, 32-067 Sanka, Poland",50.0716568,19.6469879
244,"Ostrężnica 47, 32-065 Krzeszowice, Poland",50.1925195,19.5734666
245,"32-065 Wola Filipowska; Szkolna 2, 32-065, Poland",50.1322821,19.5847634
246,"331, 32-065 Nowa Góra, Poland",50.1770949,19.5902537
247,"32-065 Filipowice; 554, 32-065, Poland",50.1510147,19.5671989
248,"Zalas 533, 32-067 Zalas, Poland",50.07899829999999,19.6220692
249,"Czerna, Poland",50.17077399999999,19.6228967
250,"Szkolna 1, 32-065 Krzeszowice, Poland",50.1153152,19.6683217
251,"Długa 22, 32-065 Krzeszowice, Poland",50.1346781,19.6416181
252,"Kaszów 185, 32-060 Liszki, Poland",50.039538,19.7252199
253,"Kaszowska 547, 32-060 Liszki, Poland",50.0186326,19.7276699
254,"Cholerzyn 205, 32-060 Cholerzyn, Poland",50.0568791,19.7726259
255,"188, 32-060 Czułów, Poland",50.0607862,19.6941216
256,"Jeziorzany 1, 32-060 Jeziorzany, Poland",49.9881675,19.779232
257,"Liszki 457, 32-060 Liszki, Poland",50.0323467,19.7624953
258,"Kryspinów 356, 32-060 Kryspinów, Poland",50.0461033,19.803004
259,"Morawica k Krakowa, Morawica 162, 32-084 Morawica, Poland",50.0809963,19.7550139
260,"Piekary 100, 32-060 Liszki, Poland",50.0227894,19.7973086
261,"Rączna 1, 32-060 Rączna, Poland",50.006307,19.7688239
262,"Jana Długosza 36, 32-091 Raciborowice, Poland",50.1179469,20.0351705
263,"Jana Pawła II 1, 32-091 Michałowice, Poland",50.1583429,19.978803
264,"Szkolna 73, 32-031 Gaj, Poland",49.9608099,19.900185
265,"Buków 1, 32-031 Mogilany, Poland",49.9444387,19.8485722
266,"Mogilany 65, 32-031 Mogilany, Poland",49.9381586,19.9323718
267,"Jana Pawła II 43, 30-444 Libertów, Poland",49.9719454,19.8984221
268,"Zdrojowa 68, 30-698 Lusina, Poland",49.9676057,19.9293602
269,"świętego Bartłomieja Apostoła 16, 32-031 Mogilany, Poland",49.942154,19.8893939
270,"Królowej Polski 142, 32-031 Włosań, Poland",49.914262,19.9032024
271,"Topolowa 25, 32-043 Skała, Poland",50.23234,19.849446
272,"30, Szkolna, 32-043 Cianowice, Poland",50.1964729,19.8732698
273,"Minoga 7,, 32-046 Minoga, Poland",50.2417436,19.9006367
274,"3, 3, 32-043 Szczodrkowice, Poland",50.1942167,19.9005854
275,"32-077 Smardzowice, Poland",50.191737,19.8658874
276,"Korabnicka 19, 32-050 Skawina, Poland",49.9748074,19.8357856
277,"136, 32-051 Wielkie Drogi, Poland",49.9613063,19.6949248
278,"Żwirki i Wigury 9, 32-050 Skawina, Poland",49.9730456,19.8248532
279,"Żwirki i Wigury 17, 32-050 Skawina, Poland",49.970825,19.8244509
280,"Korabnicka 19, 32-050 Skawina, Poland",49.9748074,19.8357856
281,"32-020 Skawina, Poland",49.9834961,19.7901743
282,"Stanisława Wyspiańskiego 5, 32-050 Skawina, Poland",49.9714865,19.8535168
283,"32-051 Krzęcin, Poland",49.9435274,19.7386831
284,"Szkolna 7, 32-052 Radziszów, Poland",49.9387312,19.8128956
285,"Korabnicka 19, 32-050 Skawina, Poland",49.9748074,19.8357856
286,"32-052 Rzozów; 90, 32-052, Poland",49.9520856,19.7970778
287,"8, 32-051 Jaśkowice, Poland",49.9601917,19.6646529
288,"32-090, Rataje 21, 56-100 Rataje, Poland",50.229843,20.0930647
289,"32-090 Słomniki, Poland",50.2446457,20.0854754
290,"Kacice 80, 32-090 Kacice, Poland",50.2549745,20.0580545
291,"Smroków 44A, 32-090 Słomniki, Poland",50.2809202,20.0319743
293,"Waganowice 19, 32-090 Słomniki, Poland",50.2317561,20.1361853
294,"Szkolna 55, 32-045 Wielmoża, Poland",50.2598865,19.8082601
295,"Szkolna 9, 32-045 Sułoszowa, Poland",50.2593627,19.7422006
296,"32-045, Sułoszowa III, 32-045 Sułoszowa III, Poland",50.2739432,19.7058857
297,"Sułoszowa, Poland",50.26741029999999,19.7330258
298,"Franciszka Bielowicza 20, 32-040 Świątniki Górne, Poland",49.9349518,19.9610287
299,"Rzeszotary 320, 32-040 Rzeszotary, Poland",49.9383889,19.9737495
300,"32-040 Ochojno, Poland",49.9506676,19.9732572
301,"32-040, Poland",49.9206093,19.9359852
302,"Wrząsowice 230, 32-040 Wrząsowice, Poland",49.9609594,19.9429986
303,"Krakowska 76, 32-089 Bębło, Poland",50.184131,19.791351
304,"Sportowa 2, 32-085 Modlnica, Poland",50.1297706,19.862742
305,"Kansas, USA",39.011902,-98.4842465
306,"32-064 Nielepice; 182, 32-064, Poland",50.11006500000001,19.7000733
307,"Szkolna 50, 32-080 Zabierzów, Poland",50.1147112,19.8062198
308,"Szkolna 66, 32-083 Balice, Poland",50.0856393,19.7937935
309,"Narodowa, 32-080, Poland",50.124671,19.8220342
310,"Jana Pawła II 61, 32-082 Kobylany, Poland",50.14654849999999,19.7632295
311,"32-064 Radwanowice; 107, 022, 32-064, Poland",50.1491933,19.7125411
312,"Stanisława Polaczka 25, 32-064 Rudawa, Poland",50.1228995,19.7078605
313,"Krakowska 122, 30-199 Rząska, Poland",50.0995318,19.8365322
314,"32-082 Bolechowice, Poland",50.14768429999999,19.7936596
315,"Jana Pawła II 22, 32-082 Zelków, Poland",50.158472,19.79471
316,"Korzkiew 18, 32-087 Korzkiew, Poland",50.1629251,19.883771
317,"32-088 Owczary; 64, 32-088 Owczary, Poland",50.1727052,19.9153533
318,"32-087 Wola Zachariaszowska; 105, 32-087, Poland",50.1502478,19.9320269
319,"Księdza Jana Michalika 2, 32-087 Zielonki, Poland",50.1166691,19.9145563
320,"Kościuszki 56A, 32-087 Zielonki, Poland",50.1193287,19.9655808
321,"Konopnickiej 4, 34-600 Limanowa, Poland",49.7078959,20.4222566
322,"Piłsudskiego 91, 34-600 Limanowa, Poland",49.71997,20.407431
323,"Piłsudskiego 91, 34-600 Limanowa, Poland",49.71997,20.407431
324,"Sienkiewicza 2, 34-730 Mszana Dolna, Poland",49.6760159,20.0698332
325,"Rynek 21, 34-730 Mszana Dolna, Poland",49.6775002,20.0833525
326,"Chyszówki 130, 34-643 Jurków, Poland",49.67806789999999,20.261332
327,"Mieszczańska 2, 72-210 Dobra, Poland",53.5826953,15.3086226
328,"Wilczyce 109, 34-643 Jurków, Poland",49.6667229,20.1884358
329,"186, 34-625 Skrzydlna, Poland",49.75196750000001,20.1859382
330,"34-625, Poland",49.7501176,20.2129287
331,"Jurków 115, 34-643 Jurków, Poland",49.6869407,20.2330222
332,"34-620 Jodłownik, Poland",49.7899956,20.2983677
333,"34-617 Wilkowisko, Poland",49.7551905,20.2609006
334,"Krasne- Lasocice, 34-620, Poland",49.8114594,20.2304703
335,"34-620 Jodłownik, Poland",49.7744365,20.2360804
336,"34-623 Szczyrzyc, Poland",49.7827196,20.1892459
337,"105, 34-620 Sadek, Poland",49.78409389999999,20.273147
338,"34-608 Zalesie, Poland",49.6273065,20.3496231
341,"490, 34-608 Kamienica, Poland",49.57481490000001,20.3436557
342,"Szczawa 327, 34-607 Kamienica, Poland",49.6017058,20.2984801
343,"343, 34-608 Kamienica, Poland",49.5747763,20.3436025
344,"DW968 91, 34-607 Szczawa, Poland",49.6098822,20.2947668
345,"34-602, Poland",49.7610414,20.4496765
346,"Kamionka Mała 134, 34-602 Kamionka Mała, Poland",49.7807255,20.5010537
347,"Gmina Laskowa, Poland",49.7543397,20.4838773
348,"111, 34-602 Jaworzna, Poland",49.74802750000001,20.4928872
349,"34-603 Żmiąca; 128, 34-603, Poland",49.7479129,20.5193134
350,"34-603 Krosna, Poland",49.7735777,20.5284674
351,"34-600 Młynne, Poland",49.7504321,20.4108975
352,"Piłsudskiego 91, 34-600 Limanowa, Poland",49.71997,20.407431
353,"Pisarzowa 346, 34-653 Męcina, Poland",49.690321,20.5062317
354,"34-600 Kanina, Poland",49.6672705,20.5020396
355,"34-600, Wysokie k Krasnegostawu, Wysokie 5, 22-400 Wysokie, Poland",49.65526930000001,20.5395164
356,"34-652 Nowe Rybie, Poland",49.7763698,20.3328632
357,"34-600 Mordarka, Poland",49.6991153,20.4607058
358,"Pasierbiec 108,34-600, Pasierbiec, Poland",49.7581742,20.3797614
359,"34-600 Stara Wieś;, Poland",49.6774785,20.3973623
360,"206, 34-652 Rupniów, Poland",49.7643818,20.3356986
361,"Konopnickiej 4, 34-600 Limanowa, Poland",49.7078959,20.4222566
362,"Siekierczyna 326, 34-600 Siekierczyna, Poland",49.6492864,20.4354555
363,"Męcina 504, 34-654 Męcina, Poland",49.7012526,20.5401206
364,"34-600, Poland",49.6796254,20.4258692
365,"Kłodne 144, 34-654 Męcina, Poland",49.68636,20.5723302
366,"34-606, Stronie k Wadowic, Stronie 34, 34-145 Stronie, Poland",49.605736,20.521846
367,"131,, Jastrzębia 34-606, 26-631 Jastrzębia, Poland",49.5958536,20.4713671
368,"Młyńczyńska 136, 34-606 Łukowica, Poland",49.6265286,20.408183
369,"34-606, Poland",49.5929842,20.5331147
370,"Jadamwola 40, 34-606 Jadamwola, Poland",49.5807058,20.5112117
371,"Szkoła Podstawowa Imienia Marii Skłodowskiej-Curie w Łukowicy, 34-606 Łukowica, Poland",49.6042228,20.4929925
372,"34-604 Przyszowa; 484, 34-604, Poland",49.6601174,20.4810369
373,"34-604 Przyszowa; 484, 34-604, Poland",49.6601174,20.4810369
374,"Leśna 10, 34-730 Mszana Dolna, Poland",49.6793787,20.0828178
375,"Łętowe 238, 34-733 Łętowe, Poland",49.650706,20.1552773
376,"Mszana Górna, Poland",49.66135389999999,20.0967598
377,"nr 761, Kasina Wielka 34-741, 34-741 Kasina Wielka, Poland",49.7244371,20.1381976
378,"432, 34-734 Kasinka Mała, Poland",49.7216473,20.0523724
379,"Leśna 10, 34-730 Mszana Dolna, Poland",49.6793787,20.0828178
380,"302, 34-736 Lubomierz, Poland",49.6113523,20.1695516
381,"34-734 Kasinka Mała, Poland",49.7295223,20.0907275
383,"34-730 Łostówka, Poland",49.6765013,20.1298714
384,"DW968 513, 34-734 Kasinka Mała, Poland",49.7021165,20.0389123
385,"302, 34-736 Lubomierz, Poland",49.6113523,20.1695516
386,"34-735, Poland",49.6246016,20.0836247
387,"34-735 Podobin, Poland",49.6352723,20.0822247
388,"34-735, Poland",49.6246016,20.0836247
389,"34-735 Konina, Poland",49.5685752,20.1386476
390,"732, 34-615 Słopnice, Poland",49.68156219999999,20.3334382
391,"34-615 Słopnice; 731, Poland",49.6815845,20.333476
392,"363, Słopnice 363, 34-615 Słopnice, Poland",49.674879,20.318862
393,"18, 34-650 Zawadka, Poland",49.7436394,20.2806366
394,"Podłopień 73, 34-650 Tymbark, Poland",49.7321825,20.2995534
395,"354, 34-650 Tymbark, Poland",49.7234804,20.323763
396,"34-650, Piekiełko 40, 13-240 Mława, Poland",49.7483329,20.3454194
397,"43-418 Pogwizdów, Poland",49.8044758,18.6061339
398,"32-250 Swojczany, Poland",50.4078335,19.9026146
399,"Szkolna 14, 32-250 Miechów-Charsznica, Poland",50.3952928,19.9542329
400,"Szkolna 14, 32-250 Miechów-Charsznica, Poland",50.3952928,19.9542329
401,"32-075 Wysocice; 46, 32-075, Poland",50.282629,19.9194617
402,"32-075 Gołcza, Poland",50.3329082,19.9264711
403,"32-075 Szreniawa, Poland",50.3767079,19.868988
404,"Przybysławice 60, 32-241 Kozłów, Poland",50.444059,20.045371
405,"32-241 Kozłów, Poland",50.4808087,20.0221837
406,"Antolka 13, 32-210 Antolka, Poland",50.40092190000001,20.0957349
407,"Książ Mały 59, 32-210 Książ Mały, Poland",50.4395078,20.2133359
408,"Marii Konopnickiej 13, 32-200 Miechów, Poland",50.3588564,20.0344849
409,"osiedle generała Władysława Sikorskiego 15, 32-200 Miechów, Poland",50.3529674,20.0198678
410,"Bukowska Wola 79, 32-200 Bukowska Wola, Poland",50.35842050000001,20.0808918
411,"osiedle generała Władysława Sikorskiego 15, 32-200 Miechów, Poland",50.3529674,20.0198678
412,"32-200 Pojałowice, Poland",50.3207446,20.1023929
413,"Pstroszyce Pierwsze; 66, 32-200, Poland",50.3891127,20.0206178
414,"32-200 Miechów, Poland",50.3568703,20.0274127
415,"32-222 Racławice, Poland",50.3256947,20.2370492
416,"32-218, Janowicka 50, 43-512 Janowice, Poland",50.3907564,20.2112666
417,"Dziaduszyce 23, 32-218 Dziaduszyce, Poland",50.38381709999999,20.2676263
418,"Parkowa 4, 32-410 Dobczyce, Poland",49.8832443,20.0884779
419,"32-410 Dziekanowice, Poland",49.9022692,20.0976107
420,"Parkowa 4, 32-410 Dobczyce, Poland",49.8832443,20.0884779
421,"16, 32-410 Nowa Wieś, Poland",49.9097,20.0612672
422,"Parkowa 4, 32-410 Dobczyce, Poland",49.8832443,20.0884779
423,"Brzączowice 186, 32-410 Dobczyce, Poland",49.8768679,20.045355
424,"Krzeczów 174, 32-433 Krzeczów, Poland",49.6842706,19.9114091
425,"Tenczyn 171, 32-433 Tenczyn, Poland",49.6838375,19.9716519
426,"Gmina Lubień, Poland",49.68151049999999,19.9473721
427,"32-433 Lubień; 513, 32-433, Poland",49.7171648,19.9785086
428,"Żeromskiego 2, 32-400 Myślenice, Poland",49.8338678,19.9449057
429,"Żeromskiego 2, 32-400 Myślenice, Poland",49.8338678,19.9449057
430,"Chełm, 32-431 Myślenice, Poland",49.7961866,19.9770913
431,"Żeromskiego 2, 32-400 Myślenice, Poland",49.8338678,19.9449057
432,"293, 32-400 Jawornik, Poland",49.8580243,19.9027312
433,"Głogoczów 77, 32-444 Głogoczów, Poland",49.89506979999999,19.8763543
434,"32-425 Poręba; 16, Poland",49.7979569,20.0168079
435,"Bysina 284, 32-400 Myślenice, Poland",49.8278771,19.887987
436,"32-400 Borzęta; 368, 32-400, Poland",49.86569369999999,19.9870587
437,"32-400 Myslenice, Poland",49.83347,19.93965
438,"Bęczarka 14, 32-444 Bęczarka, Poland",49.8750189,19.8615609
439,"48, 32-400 Jasienica, Poland",49.8235677,19.8418407
440,"Krzyszkowice 368, Krzyszkowice, Poland",49.88264789999999,19.9171798
441,"71, 32-400 Polanka, Poland",49.857857,19.9385635
442,"91, 32-425 Zasań, Poland",49.8198294,20.0542271
443,"Zawada, Poland",49.8812139,19.9493077
444,"Zdrojowa 14, 32-400 Myślenice, Poland",49.8219413,19.9487839
445,"Stróza k Myslenic, Stróża 168, 32-431 Stróża, Poland",49.7844511,19.946534
446,"Pcim; 599, 32-432, Poland",49.7527142,19.9661617
447,"Pcim 595, 32-432 Pcim, Poland",49.7528782,19.9659779
448,"Pcim 595, 32-432 Pcim, Poland",49.7528782,19.9659779
449,"32-438 Trzebunia; 444, 32-438, Poland",49.7897901,19.8518778
450,"105, 32-415 Czasław, Poland",49.84739949999999,20.1155256
451,"32-415 Raciechowice; Raciechowice 106, 32-415, Poland",49.8449052,20.1417912
452,"32-415 Raciechowice; Raciechowice 106, 32-415, Poland",49.8449052,20.1417912
453,"32-415 Raciechowice; Raciechowice 106, 32-415, Poland",49.8449052,20.1417912
454,"Alberta, Canada",53.9332706,-116.5765035
455,"Ks. Jana Przytockiego 10, 32-447 Siepraw, Poland",49.9095074,19.9699126
456,"73, 32-447 Łyczanka, Poland",49.9202691,19.986974
457,"Zakliczyn, ul. 32-406, Podgórska 123, Zakliczyn, Poland",49.8821689,20.0219684
458,"Tysiąclecia 17, 32-440 Sułkowice, Poland",49.8423001,19.7922778
459,"Szkolna 55, 32-440 Rudnik, Poland",49.8548688,19.833323
460,"Harbutowice, Poland",49.8137803,19.7825693
461,"32-440 Biertowice, Poland",49.8347186,19.8037985
462,"41, 32-442 Krzywaczka, Poland",49.8902279,19.8296799
463,"Skomielna Czarna 267, 32-437 Skomielna Czarna, Poland",49.729086,19.831996
464,"32-436 Tokarnia, Poland",50.7618066,20.449602
465,"32-436 Tokarnia, Poland",50.7618066,20.449602
466,"Tokarnia, Poland",49.7320961,19.8791473
467,"Wiśniowa 76, 38-124 Wiśniowa, Poland",49.8717183,21.6687633
468,"Marii Konopnickiej 13, 32-200 Miechów, Poland",50.3588564,20.0344849
469,"32-412 Kobielnik, Poland",49.7687847,20.0845194
470,"Węglówka, Poland",49.7330854,20.0857172
471,"323, 32-412 Wiśniowa, Poland",49.78757179999999,20.120569
472,"Szkolna 1, 33-330 Grybów, Poland",49.6267765,20.9419313
473,"Biała Wyżna 48, 33-330 Grybów, Poland",49.62520989999999,20.9450514
474,"DK28 18, 33-395, Poland",49.6313494,20.6481034
475,"33-314 Trzetrzewina, Poland",49.641357,20.5896099
476,"Piątkowa 1, 33-300 Nowy Sącz, Poland",49.62129119999999,20.7506365
477,"Chomranice 12, 33-394 Klęczany, Poland",49.6763531,20.5907237
478,"33-393, Marcinkowicka 132, 33-395 Marcinkowice, Poland",49.6685315,20.6498728
479,"Klęczany, Krasne Potockie 118, 33-394 Krasne Potockie, Poland",49.66835,20.5827691
480,"Marcinkowicka 9, 33-395 Nowy Sącz, Poland",49.63193860000001,20.6657415
481,"33-393, Marcinkowicka 132, 33-395 Marcinkowice, Poland",49.6685315,20.6498728
482,"33-395 Rdziostów, Poland",49.6578796,20.6678073
483,"Librantowa 86, 33-300 Nowy Sącz, Poland",49.6662748,20.7553729
484,"33-395 Rdziostów, Poland",49.6578796,20.6678073
485,"5, 33-300 Januszowa, Poland",49.64804669999999,20.7261898
486,"33-395 Chełmiec, Poland",49.6058472,20.651435
487,"Niskowa 62, 33-395 Niskowa, Poland",49.6169969,20.6327619
488,"33-300 Boguszowa, Poland",49.6421129,20.7663698
489,"Gródek nad Dunajcem 195, 33-318 Gródek nad Dunajcem, Poland",49.7472009,20.7328519
490,"Kansas, USA",39.011902,-98.4842465
491,"Lipie 11, 33-318 Lipie, Poland",49.72231,20.7293919
492,"Przydonica 24, 33-318 Gródek nad Dunajcem, Poland",49.7355288,20.7744018
493,"33-318 Sienna, Poland",49.7127035,20.705471
494,"Roztoka Brzeziny 211, 33-318 Gródek nad Dunajcem, Poland",49.78931,20.7139975
495,"33-318 Podole Górowa; 158, Poland",49.7553656,20.7749976
496,"33-332 Wawrzka, Poland",49.57498710000001,21.0022021
497,"Krużlowa Niżna, Krużlowa Wyżna 63, 33-325 Krużlowa Wyżna, Poland",49.6486123,20.885719
498,"Stara Wieś 162, 33-325 Krużlowa Wyżna, Poland",49.6335942,20.8863642
499,"Cieniawa 186, 33-333 Cieniawa, Poland",49.6124299,20.8503476
500,"Polna 30, 38-331 Stróże, Poland",49.6733428,20.9897427
501,"33-330 Grybów, Poland",49.62406,20.94789
502,"Szkolna 1, 33-330 Grybów, Poland",49.6267765,20.9419313
503,"Florynka 64, 33-332, Florynka, Poland",49.5558314,20.9853902
504,"Kąclowa 280, 33-330 Grybów, Poland",49.58902519999999,20.964768
505,"Siołkowa 300, 33-330 Siołkowa, Poland",49.6389269,20.93532
506,"Ptaszkowa 406, 33-333 Ptaszkowa, Poland",49.6025582,20.8800225
507,"Biała Niżna 495, 33-330 Biała Niżna, Poland",49.64103189999999,20.9738358
508,"33-332 Binczarowa, Poland",49.5628557,20.944711
509,"Ptaszkowa 271,, 33-333 Ptaszkowa, Poland",49.601667,20.902886
510,"33-330 Grybów, Poland",49.62406,20.94789
511,"33-334 Bogusza, Poland",49.5873403,20.809162
512,"1, 33-334 Królowa Polska, Poland",49.587658,20.82149
513,"Jamnica 182, 33-300, Poland",49.5855057,20.7463395
514,"Mystków 208, 33-334 Mystków, Poland",49.6046511,20.7877123
515,"Mystków 208, 33-334 Mystków, Poland",49.6046511,20.7877123
516,"Kamionka Wielka 154, 33-334 Kamionka Wielka, Poland",49.5783645,20.7888522
517,"Kamionka Wielka 162, 33-334 Kamionka Wielka, Poland",49.567296,20.8284043
518,"324, 33-322 Korzenna, Poland",49.6783429,20.8435696
519,"33-323 Lipnica Wielka; 25, 33-323, Poland",49.7077773,20.8653052
520,"14, 33-326 Mogilno, Poland",49.65541959999999,20.8286921
521,"203, 33-326 Koniuszowa, Poland",49.65403320000001,20.7937181
522,"Gmina Korzenna, Poland",49.6790814,20.8312411
523,"131, 33-326 Posadowa Mogilska, Poland",49.6484901,20.8436447
524,"1, 33-322 Łęka, Poland",49.6743456,20.7812619
525,"68, 33-322 Trzycierz, Poland",49.6775288,20.8049244
526,"207, 33-322 Jasienna, Poland",49.7177128,20.8225518
527,"278, Wojnarowa, Poland",49.6726758,20.9088573
528,"68, 33-322 Trzycierz, Poland",49.6775288,20.8049244
529,"33-322, Poland",49.7007574,20.7822724
530,"Józefa Ignacego Kraszewskiego 158, 33-380 Krynica-Zdrój, Poland",49.3976103,20.9560006
531,"33-383 Tylicz; Kazimierza Wielkiego 9, 33-383, Poland",49.39619829999999,21.026075
532,"Piłsudskiego 91, 33-380 Krynica-Zdrój, Poland",49.4311976,20.9521548
533,"Józefa Ignacego Kraszewskiego 158, 33-380 Krynica-Zdrój, Poland",49.3976103,20.9560006
534,"Mochnaczka Niżna 32, 33-383 Mochnaczka Niżna, Poland",49.45121229999999,20.9803348
535,"33-336 Czaczów, Poland",49.5269155,20.7945861
536,"83, 33-336 Maciejowa, Poland",49.5341071,20.8218177
537,"171, 336, Nowa Wieś 33, 27-350 Nowa Wieś, Poland",49.4949964,20.9090159
538,"33-336 Łabowa; 22, 33-336, Poland",49.52861739999999,20.8566333
539,"Jazowsko 171, 33-389 Jazowsko, Poland",49.53205370000001,20.5176115
540,"Kansas, USA",39.011902,-98.4842465
541,"33-390 Kicznia; 121, 33-390, Poland",49.59342059999999,20.4229563
542,"33-390 Zagorzyn, Poland",49.5815158,20.3918609
543,"27, 33-390 Maszkowice, Poland",49.5527255,20.4674323
545,"GS Łącko ""U Kazki"", 33-390 Zabrzeż, Poland",49.553814,20.4237898
546,"24-100 Zarzecze, Poland",51.40301090000001,21.8468007
547,"Czarny Potok 111,, 33-390 Czarny Potok, Poland",49.5781862,20.4816546
548,"33-389 Obidza; 206, Poland",49.4998397,20.4904542
549,"DK75 75, 33-314 Łososina Dolna, Poland",49.7403622,20.6246623
550,"87, 33-314 Michalczowa, Poland",49.7677601,20.6090641
551,"33-314 Stańkowa, Poland",49.7310764,20.5604345
552,"Witowice Dolne 95, 33-314 Witowice Dolne, Poland",49.7794691,20.6410159
553,"Rąbkowa 59,33-312, Rąbkowa, Poland",49.737704,20.665716
554,"33-318 Tabaszowa, Poland",49.7440408,20.6873008
555,"33-312 Tęgoborze; 128, Poland",49.7094262,20.6412506
556,"33-314 Żbikowice, Poland",49.7415629,20.583741
557,"33-312 Skrzętla-Rojówka, Poland",49.7107057,20.5844006
558,"gen. Kościuszki 54, 33-370 Muszyna, Poland",49.33241,20.91019
559,"Rynek 13, 33-370 Muszyna, Poland",49.356348,20.8978075
560,"Rynek 13, 33-370 Muszyna, Poland",49.356348,20.8978075
561,"42, 33-370 Powroźnik, Poland",49.371112,20.9455043
562,"33-360 Żegiestów, Poland",49.3782223,20.8069018
563,"177, 33-335 Frycowa, Poland",49.54868159999999,20.7723013
564,"33-335 Homrzyska, Poland",49.5258181,20.7633226
565,"33-335 Bącza Kunina, Poland",49.5408321,20.7366881
566,"33-335, Poland",49.5549142,20.7469511
567,"Mała Góra 38, 33-335 Żeleźnikowa Wielka, Poland",49.5363925,20.7208983
568,"Krynicka 2, 33-350 Piwniczna-Zdrój, Poland",49.4346541,20.7110046
569,"Krynicka 2, 33-350 Piwniczna-Zdrój, Poland",49.4346541,20.7110046
570,"33-350 Piwniczna-Zdrój, Poland",49.4396092,20.713445
571,"Krynicka 2, 33-350 Piwniczna-Zdrój, Poland",49.4346541,20.7110046
572,"Krynicka 2, 33-350 Piwniczna-Zdrój, Poland",49.4346541,20.7110046
573,"33-386 Olszanka, Poland",49.5559893,20.5421934
574,"245, 33-386 Brzezna, Poland",49.6002973,20.6159822
575,"Brzezna 447, 33-386 Podegrodzie, 33-386, Poland",49.600691,20.6183499
576,"Długołęka-Świerkla 64, 33-386 Podegrodzie, Poland",49.62273030000001,20.5488404
577,"Gostwica 27,33-386, Gostwica, Poland",49.5956653,20.58991
578,"Mokra Wieś 141, 33-386 Podegrodzie, 33-386, Poland",49.6015726,20.5547936
579,"33-386 Podegrodzie 6, 33-386 Podegrodzie, Poland",49.5772139,20.5896556
580,"53, 33-386 Rogi, Poland",49.5824816,20.5632244
581,"Olszana 127, 33-386 Olszana, Poland",49.5708146,20.5193732
582,"Stadła 30, 33-386 Podegrodzie, 33-386, Poland",49.5857318,20.6119555
583,"Mickiewicza 59, 33-340 Stary Sącz, Poland",49.5570732,20.6367208
584,"Gołkowice Dolne, Gaboń 67, 33-388 Gaboń, Poland",49.5317787,20.5604786
585,"33-388 Gołkowice Górne, Poland",49.5433873,20.5761514
586,"Mickiewicza 59, 33-340 Stary Sącz, Poland",49.5570732,20.6367208
587,"DK87 31, 33-342, Poland",49.5257205,20.6531209
588,"Skrudzina 42, 33-388 Skrudzina, Poland",49.51988,20.5799369
589,"33-340 Stary Sącz, Poland",49.564452,20.6327686
590,"Mickiewicza 59, 33-340 Stary Sącz, Poland",49.5570732,20.6367208
591,"plac Evry 3, 34-400 Nowy Targ, Poland",49.4720772,20.0335693
592,"aleja Mikołaja Kopernika 28, 34-400 Nowy Targ, Poland",49.474388,20.027461
593,"Władysława Orkana 17, 34-400 Nowy Targ, Poland",49.4795491,20.0349271
594,"aleja Mikołaja Kopernika 28, 34-400 Nowy Targ, Poland",49.474388,20.027461
595,"osiedle Na Skarpie 11, 34-400 Nowy Targ, Poland",49.4720351,20.0048339
596,"Kowaniec 125A, 34-400 Nowy Targ, Poland",49.5002925,20.042866
597,"Główna 12, 34-460 Szczawnica, Poland",49.4263644,20.4809628
598,"Jana Pawła II 25, 34-460 Szlachtowa, Poland",49.4136961,20.5257222
599,"Czerwienne, Poland",49.3920617,19.927049
600,"Stare Bystre 34, 34-407 Stare Bystre, Poland",49.41557599999999,19.894033
601,"Stare Bystre 34, 34-407 Stare Bystre, Poland",49.41557599999999,19.894033
602,"34-470 Podczerwone; 246, 34-470, Poland",49.4023707,19.8243275
603,"Świętej Jadwigi Królowej, 34-424 Skrzypne, Poland",49.394032,19.9449596
604,"Ojca Świętego Jana Pawła II 144, 34-470 Czarny Dunajec, Poland",49.44128,19.848518
605,"Ojca Świętego Jana Pawła II 144, 34-470 Czarny Dunajec, Poland",49.44128,19.848518
606,"DW958 189, 34-513 Chochołów, Poland",49.3699053,19.8177072
607,"86, 34-407 Czerwienne, Poland",49.3939152,19.921553
608,"Ciche 454, 34-407 Ciche, Poland",49.3608672,19.860709
609,"Ciche, Poland",49.3796809,19.8467386
610,"41, 34-408 Odrowąż, Poland",49.4971762,19.8586357
611,"Ratułów, Poland",49.3632687,19.8986549
612,"34-443 Sromowce Niżne, Poland",49.3927044,20.3951637
613,"Małkowskiej, 34-443 Sromowce Wyżne, Poland",49.4060298,20.33792
614,"Szkolna 22, 34-440 Kluszkowce, Poland",49.4524895,20.2977133
615,"Szkolna 2, 34-436 Maniowy, Poland",49.4615696,20.2689385
616,"Kopernika 16, 34-480 Jabłonka, Poland",49.45826779999999,19.677824
617,"Kopernika 16, 34-480 Jabłonka, Poland",49.45826779999999,19.677824
618,"Zubrzyca Górna 43, 34-484 Zubrzyca Górna, Poland",49.5504258,19.6568336
619,"34-482 Lipnica Mała; 512, Poland",49.54197749999999,19.6167732
620,"Jabłońskiego 4, 34-480 Jabłonka, Poland",49.4800985,19.6976156
621,"Zubrzyca Górna 43, 34-484 Zubrzyca Górna, Poland",49.5504258,19.6568336
622,"Podwilk 287,, 34-722 Podwilk, Poland",49.5479597,19.739741
623,"Podwilk 287,, 34-722 Podwilk, Poland",49.5479597,19.739741
624,"43, 34-484 Zubrzyca Górna, Poland",49.5637986,19.6490886
625,"Lipnica Mała 346, 34-482 Lipnica Mała, Poland",49.5247126,19.6280226
626,"43, 34-484 Zubrzyca Górna, Poland",49.5637986,19.6490886
627,"Kopernika 16, 34-480 Jabłonka, Poland",49.45826779999999,19.677824
628,"ul. Ojca Leona 1, 34-450 Krośnica, Poland",49.44814419999999,20.3386867
629,"Szkolna 29, 34-450 Grywałd, Poland",49.445361,20.36715
630,"Pienińska 2, 34-460 Szczawnica, Poland",49.4251479,20.4600775
631,"521, 34-483 Lipnica Wielka, Poland",49.49633420000001,19.6164744
632,"Kiczory 60, 34-483 Kiczory, Poland",49.53429149999999,19.5918417
633,"Lipnica Wielka 205, 34-483 Lipnica Wielka, Poland",49.4742981,19.6391068
634,"521, 34-483 Lipnica Wielka, Poland",49.49633420000001,19.6164744
635,"825, 34-483 Lipnica Wielka, Poland",49.4930823,19.6222943
636,"Długa 12, 34-442 Łapsze Niżne, Poland",49.3987563,20.2416065
637,"Łapsze Wyżne; św. Floriana 51, św. Floriana, 34-442 Łapsze Wyżne, Poland",49.39476759999999,20.1911896
638,"34-442 Trybsz, Poland",49.4086695,20.1356434
639,"Jutrzenki 41, 34-441 Kacwin, Poland",49.3752954,20.2950614
640,"Szkolna 4, 34-435 Frydman, Poland",49.448161,20.2260168
641,"Jutrzenki 41, 34-441 Kacwin, Poland",49.3752954,20.2950614
642,"Łapszanka; 32, 34-442, Poland",49.3627945,20.182341
643,"Szkolna 3, 34-434 Dębno, Poland",49.4666743,20.2079682
644,"Szkolna 1, 34-432 Łopuszna, Poland",49.474742,20.132213
645,"Knurów, Poland",50.2219315,18.6706469
646,"69, Łaska 34-404, 98-100 Okup Mały, Poland",49.5037309,19.9765859
647,"Kowaniec 125A, 34-400 Nowy Targ, Poland",49.5002925,20.042866
648,"69, 34-471 Rogoźnik, Poland",49.4435302,19.9453959
649,"56, 34-471 Ludźmierz, Poland",49.4685145,19.9769211
650,"plac Evry 3, 34-400 Nowy Targ, Poland",49.4720772,20.0335693
651,"Główna 13, 34-433 Nowa Biała, Poland",49.43948049999999,20.146265
652,"osiedle Na Skarpie 11, 34-400 Nowy Targ, Poland",49.4720351,20.0048339
653,"Jana Pawła II 13, 34-431 Ostrowsko, Poland",49.4750573,20.098683
654,"34-404 Pyzówka; 4, 34-404, Poland",49.5139006,19.9364305
655,"34-404 Klikuszowa; 240, 34-404, Poland",49.5211994,19.9912183
656,"34-433 Dursztyn, Poland",49.4150766,20.1893374
657,"Na Równi 28, 34-431 Waksmund, Poland",49.4844569,20.0715002
658,"osiedle Na Skarpie 11, 34-400 Nowy Targ, Poland",49.4720351,20.0048339
659,"Gronków 210, 34-400 Gronków, Poland",49.44158119999999,20.0872558
660,"plac Evry 3, 34-400 Nowy Targ, Poland",49.4720772,20.0335693
661,"Tylmanowa, Poland",49.4950487,20.4047043
662,"Os. Centrum 105, 34-452 Ochotnica Dolna, Poland",49.5255042,20.3189457
663,"os. Skrodne 240, 34-452 Ochotnica Dolna, Poland",49.51906,20.2874799
664,"Tylmanowa os. Mastalerze 32 B, 34-451 Tylmanowa, Poland",49.514585,20.4026359
665,"208, Os. Iwanki 203, 34-452 Ochotnica Górna, Poland",49.5123082,20.2480532
666,"Młynne, 34-452 Ochotnica Dolna, Poland",49.5494215,20.3115137
667,"Harkabuz; 47, 34-721, Poland",49.5461782,19.8215623
668,"DW958, Rokiciny Podhalańskie, Poland",49.575012,19.907999
669,"Raba Wyżna 120, 34-721 Raba Wyżna, Poland",49.566005,19.8750511
670,"34-713 Skawa, Poland",49.6019963,19.9106407
671,"Szkoła Podstawowa nr 3 w Skawie, 34-713 Skawa, Poland",49.6150748,19.892409
672,"Sieniawa 92, 34-723 Sieniawa, Poland",49.5383213,19.9373849
673,"34-721 Bielanka, Poland",49.5250524,19.8879605
674,"Sądecka 2, 34-700 Rabka-Zdrój, Poland",49.61109700000001,19.9458396
675,"Poniatowskiego 186, 34-700 Rabka-Zdrój, Poland",49.6043658,19.9891647
676,"Zaryte 78, 34-700 Rabka-Zdrój, Poland",49.6291324,19.9911457
677,"34-720 Chabówka; 232, Poland",49.5921707,19.9345052
678,"Poniatowskiego 186, 34-700 Rabka-Zdrój, Poland",49.6043658,19.9891647
679,"Jana Pawła II 48, 34-700 Rabka-Zdrój, Poland",49.6089606,19.9673945
680,"Spytkowice 153, 34-745 Spytkowice, Poland",49.568492,19.78193
681,"E77 12, 34-745 Spytkowice, Poland",49.5774407,19.823521
682,"Spytkowice 566, 34-745 Spytkowice, Poland",49.58913560000001,19.8620555
683,"Szkolna 6, 34-424 Szaflary, Poland",49.4206088,20.0280922
684,"Szaflary, Poland",49.426862,20.0264196
685,"Szkolna 6, 34-424 Szaflary, Poland",49.4206088,20.0280922
686,"Skrzypne, Świętej Jadwigi Królowej 128, 34-424, Poland",49.3997682,19.9495089
687,"Szkolna 6, 34-424 Szaflary, Poland",49.4206088,20.0280922
688,"Szkolna 6, 34-424 Szaflary, Poland",49.4206088,20.0280922
689,"Szaflary, Poland",49.426862,20.0264196
690,"Szkolna 8, 32-332 Bukowno, Poland",50.2671435,19.4660106
691,"Sławkowska 133, 32-332 Bukowno, Poland",50.2817679,19.4296029
692,"Krzykawa 54, 32-329 Krzykawa, Poland",50.3097861,19.4267894
693,"Główna 96, 32-329 Bolesław, Poland",50.295916,19.4689531
694,"1, 32-329 Podlipie, Poland",50.2919783,19.4517124
695,"Zawierciańska 30, 32-310 Klucze, Poland",50.34078770000001,19.5638367
696,"Strażacka 11, 32-310 Rodaki, Poland",50.3948652,19.5344927
697,"Dolna 12, 32-310 Ryczówek, Poland",50.3880562,19.5602263
698,"Legionów 32, 32-310 Bydlin, Poland",50.3842823,19.6426642
699,"Kolejowa 18, 32-312 Jaroszowiec, Poland",50.3359152,19.5969915
700,"Kluczewska, 32-310 Chechło, Poland",50.3810893,19.5551542
701,"Basztowa 2, 32-310 Kwaśniów Dolny, Poland",50.3846295,19.5861179
702,"Kantego 5, 32-300 Olkusz, Poland",50.2782977,19.5539448
703,"Żeromskiego 6, 32-300 Olkusz, Poland",50.26503289999999,19.5628945
704,"Kochanowskiego 2, 32-305 Olkusz, Poland",50.2617447,19.5714162
705,"Francesco Nullo 36, 32-300 Olkusz, Poland",50.277446,19.568729
706,"Cegielniana 24, 32-300 Olkusz, Poland",50.2839581,19.5628139
707,"Długa 67, 32-300 Olkusz, Poland",50.300852,19.5474779
708,"Kosynierów 14, 32-300 Olkusz, Poland",50.2772489,19.5848291
709,"60, Kolonia Braciejówka, 32-300 Braciejówka, Poland",50.30611889999999,19.666731
710,"32-327 Gorenice; Krakowska 51, Poland",50.2089113,19.6120763
711,"Trzecia Kolonia 10a, 32-300 Żurada, Poland",50.2546792,19.5426473
712,"Cegielniana 24, 32-300 Olkusz, Poland",50.2839581,19.5628139
713,"32-300 Olkusz, Poland",50.2813157,19.5656869
714,"Marii Dąbrowskiej, Poland",50.27257059999999,19.6098779
715,"32-300 Zederman; 99, Poland",50.2469516,19.6641093
716,"32-327 Zawada; 110, 56-500, Poland",50.2281603,19.6392304
717,"394, 32-300 Witeradów, Poland",50.2453156,19.582588
718,"Zadroże 69, 32-353 Zadroże, Poland",50.288087,19.7907278
719,"Jangrot 83, 32-353 Trzyciąż, Poland",50.3081713,19.744122
720,"Sucha 32, 32-353 Trzyciąż, Poland",50.33204929999999,19.7682426
721,"Tarnawa 151, 32-353 Tarnawa, Poland",50.2751574,19.8414799
722,"32-353 Trzyciąż; 70, 32-353, Poland",50.3091428,19.7735566
723,"Imbramowice 119, 32-353 Trzyciąż, Poland",50.3003984,19.8628054
724,"Trzyciąż 40B, 32-353 Trzyciąż, Poland",50.3089767,19.7732957
725,"Mariacka 28, 32-340 Wolbrom, Poland",50.3874679,19.761224
726,"Chełmska 8, 32-340 Gołaczewy, Poland",50.3549588,19.7137461
727,"75a, 32-340 Kąpiele Wielkie, Poland",50.4269515,19.731279
728,"253, 32-340 Jeżówka, Poland",50.4148205,19.8370684
729,"Wolbrom, Chełm 21, 32-340 Chełm, Poland",50.3595446,19.7553576
730,"7, Dłużec, 32-340 Wolbrom, Poland",50.4015564,19.7122836
731,"32-340 Wolbrom, Poland",50.37939,19.7584
732,"Wierzchowisko 32b, 32-340 Wolbrom, Poland",50.3756396,19.8124186
733,"Szkolna 2, 32-340 Zarzecze, Poland",50.3727131,19.6947866
734,"32-340 Górna, Górna 60, 42-480 Poręba, Poland",50.3540402,19.7881107
735,"148, 32-340 Poręba Dzierżna, Poland",50.4368184,19.7951476
736,"Królowej Jadwigi 12, 32-600 Oświęcim, Poland",50.0350782,19.2225658
737,"Szkoła Podstawowa Nr 11 Imienia Mikołaja Kopernika w Oświęcimiu, aleja Juliusza Słowackiego 2a, 32-600 Oświęcim, Poland",50.0271182,19.2412818
738,"aleja Juliusza Słowackiego 41, 32-602 Oświęcim, Poland",50.0338176,19.242612
739,"Jędrzeja Śniadeckiego 26, 32-600 Oświęcim, Poland",50.0365806,19.240431
740,"Eugeniusza Kalicińskiego 5, 32-600 Oświęcim, Poland",50.0363961,19.2040238
741,"Tadeusza Makowskiego, Oświęcim, Poland",50.0536825,19.2236307
742,"Budowlanych 68, 32-600 Oświęcim, Poland",50.0368866,19.2333677
743,"Szkolna 6, 32-620 Brzeszcze, Poland",49.9846533,19.1485289
744,"Mickiewicza 3, 32-620 Brzeszcze, Poland",49.972116,19.1351489
745,"Oświęcimska 39, 32-625 Skidziń, Poland",49.9850242,19.1950756
746,"43-275 Przecieszyn; Wyzwolenia 54a, Poland",49.9786759,19.1802916
747,"Piłsudskiego 1, 32-660 Chełmek, Poland",50.1044196,19.2622571
748,"Bolesława Chrobrego 9, 32-660 Chełmek, Poland",50.0975611,19.2363431
749,"Nadwiślańska 9, 32-600 Bobrek, Poland",50.05942839999999,19.2570271
750,"Bolesława Chrobrego 9, 32-660 Chełmek, Poland",50.0975611,19.2363431
751,"Jana III Sobieskiego 6, 32-650 Kęty, Poland",49.882816,19.2189799
752,"Stanisława Wyspiańskiego, 32-650 Kęty, Poland",49.8774151,19.2168598
753,"Szkolna 3, 32-650 Kęty, Poland",49.8743402,19.19411
754,"Witkowice, Poland",49.9135353,19.2782654
755,"32-651 Bielany; Łęcka 2, 32-651, Poland",49.9406747,19.2054665
756,"Bielska 59, 32-652 Bulowice, Poland",49.87583189999999,19.283119
757,"Stanisława Konarskiego 4, 32-651 Nowa Wieś, Poland",49.9041007,19.2227931
758,"Świętojańska 1, 32-651 Malec, Poland",49.9197597,19.2442248
759,"Akacjowa 28, 39-220 Łęki, Poland",49.9503497,19.2132223
760,"Główna 123, 32-608 Osiek, Poland",49.9510841,19.2627916
761,Poland,49.9413507,19.301866
762,"32-608 Głębowice; Oświęcimska 22, 32-608, Poland",49.943472,19.3320403
763,"32-610 Brzezinka; Szkolna 19, Poland",50.0437272,19.1922908
764,"Różana 23, 32-600 Babice, Poland",50.0535346,19.2093704
765,"Ogrodowa 2, 32-615 Grojec, Poland",49.9795653,19.2354029
766,"Parkowa 1, 32-600 Poręba Wielka, Poland",50.0112072,19.2894816
767,"Edukacyjna 11, 32-600 Rajsko, Poland",50.00797799999999,19.195376
768,"32-642 Włosienica; Suskiego 53, 32-642, Poland",50.0209036,19.3237443
769,"Długa 175, 32-607 Polanka Wielka, Poland",49.97644769999999,19.2919077
770,"Szkolna 93, 32-641 Przeciszów, Poland",49.9987867,19.3709018
771,"Szkolna 93, 32-641 Przeciszów, Poland",49.9987867,19.3709018
772,"Szkolna 93, 32-641 Przeciszów, Poland",49.9987867,19.3709018
773,"Kongresowa 11, 32-640 Zator, Poland",49.9940264,19.4361834
774,"Smolice 2, 32-640 Zator, Poland",50.0281449,19.4568659
775,"Kongresowa 11, 32-640 Zator, Poland",49.9940264,19.4361834
776,"ul Zatorska 37, 32-640 Podolsze, Poland",50.0115409,19.4331324
777,"32-640 Laskowa, Poland",49.980574,19.4620267
778,"32-104 Glewiec, Poland",50.13197419999999,20.2277793
779,"32-104 Biórków Wielki; 111, 32-104, Poland",50.16720780000001,20.1784106
780,"32-104 Koniusza; 19, Poland",50.1880522,20.2141938
781,"Niegardów 57, 32-104 Niegardów, Poland",50.2160322,20.187216
782,"Rzędowice 44, 32-104 Rzędowice, Poland",50.224038,20.2396351
783,"32-104 Karwin, Poland",50.1459517,20.2706576
784,"Marii Skłodowskiej-Curie 4, 32-130 Koszyce, Poland",50.16962179999999,20.57551
785,"32-130 Książnice Wielkie, Poland",50.1632195,20.5368268
786,"Sierosławice 53, 32-120 Nowe Brzesko, Poland",50.1411857,20.4624023
787,"Krakowska 29, 32-120 Nowe Brzesko, Poland",50.1310267,20.3741937
788,"Krakowska 29, 32-120 Nowe Brzesko, Poland",50.1310267,20.3741937
789,"32-107 Ibramowice, Poland",50.2569301,20.2738268
790,"Tadeusza Kościuszki 15, 32-100 Proszowice, Poland",50.192561,20.286222
791,"Szczytniki 91, 32-112 Szczytniki, Poland",50.2368309,20.28662
792,"27-640 Klimontów, Poland",50.6567655,21.4510357
793,"1, 32-112 Ostrów, Poland",50.2338703,20.3604326
794,"Ulica Armii Kraków, 32-100 Proszowice, Poland",50.1889233,20.2796936
795,"11, Kościelec, 32-100 Proszowice, Poland",50.1934036,20.4005089
796,"Tadeusza Kościuszki 15, 32-100 Proszowice, Poland",50.192561,20.286222
797,"Koczanów 14, 32-100 Koczanów, Poland",50.1795712,20.4818812
798,"Radziemice 2, 32-107 Radziemice, Poland",50.2547424,20.2348094
799,"Radziemice 2, 32-107 Radziemice, Poland",50.2547424,20.2348094
800,"Radziemice 2, 32-107 Radziemice, Poland",50.2547424,20.2348094
801,"Kolejowa 7, 34-240 Jordanów, Poland",49.6477513,19.829654
802,"Pułkownika Tadeusza Semika 3, 34-200 Sucha Beskidzka, Poland",49.739387,19.593832
803,"Zasypnicka 1, 34-200 Sucha Beskidzka, Poland",49.7379201,19.5728993
804,"Błądzonka 73, 34-200 Sucha Beskidzka, Poland",49.755559,19.5678037
805,"DW956, 34-211 Baczyn, Poland",49.79007300000001,19.7184369
806,"34-211, Poland",49.7563085,19.6966678
807,"34-212 Bieńkówka; 392, 34-212, Poland",49.7690715,19.7425252
808,"Budzowa, 34-531 Murzasichle, Poland",49.7777667,19.6730915
809,"Budzów 404, 34-211 Budzów, Poland",49.7694605,19.6368548
810,"34-116 Zachełmna, Poland",49.7986843,19.6873274
811,"Gmina Bystra-Sidzina, Poland",49.6176986,19.7095442
812,"34-235 Bystra; 353, Poland",49.64172869999999,19.7777294
813,"378, 34-240 Naprawa, Poland",49.6621349,19.8768319
814,"Kolejowa 9, 34-240 Jordanów, Poland",49.6473126,19.8294509
815,"34-234 Osielec; 440, 34-234, Poland",49.6798149,19.780308
816,"42-690 Wojska, Poland",50.4855066,18.6651478
817,"Łętownia 286, 34-242 Łętownia, Poland",49.6967021,19.8694439
818,"Wolności 53, 34-220 Maków Podhalański, Poland",49.730084,19.6689699
819,"Wolności 53, 34-220 Maków Podhalański, Poland",49.7300483,19.6691965
820,"334, DW957, 34-220 Białka, Poland",49.69964179999999,19.6763689
821,"314, 34-220 Grzechynia, Poland",49.7134392,19.6375904
822,"Juszczyn 268, 34-231 Juszczyn, Poland",49.6947849,19.7032366
823,"325, Żarnówki 34-220, 34-312 Międzybrodzie Bialskie, Poland",49.738098,19.7600719
824,"34-220 Maków Podhalański, Poland",49.72953,19.67695
825,"34-206 Krzeszów; 216, Poland",49.7564439,19.4855823
826,"34-232 Lachowice; 392, Poland",49.71611,19.47465
827,"34-205 Stryszawa; 278b, 34-205, Poland",49.7326855,19.5267435
828,"Kuków, Poland",49.7318201,19.4861045
829,"496, 34-205 Stryszawa, Poland",49.7128115,19.521976
830,"101a, 34-233 Kurów, Poland",49.7088229,19.4294745
831,"DW957 2000, 34-222 Zawoja, Poland",49.6590798,19.5555043
832,"34-221 Skawica; 278, 34-221, Poland",49.6784325,19.6310147
833,"Zawoja Wilczna 1570, 34-223 Zawoja Wilczna, Poland",49.62823290000001,19.5227403
834,"34-222 Zawoja, Poland",49.6926126,19.573946
835,"Zawoja Czatoża, 34-222 Zawoja, Poland",49.6175155,19.5068157
836,"34-222 Zawoja; 900, 34-222, Poland",49.6502672,19.5518113
837,"34-210 Marcówka, Poland",49.7857738,19.5687377
838,"34-210 Śleszowice; 166a, 34-210, Poland",49.7834221,19.5270463
839,"ks. Kobyłeckiego 490, 34-210 Zembrzyce, Poland",49.7760922,19.6003896
840,"34-210 Tarnawa Dolna; 272, 38-540, Poland",49.7784772,19.5620128
841,"Tysiąclecia 12, 33-190 Ciężkowice, Poland",49.7839268,20.9733932
842,"Tysiąclecia 12, 33-190 Ciężkowice, Poland",49.7837857,20.972879
843,"33-192 Falkowa, Poland",49.7448384,20.8866074
844,"33-190 Bogoniowice, Poland",49.8020244,20.9738996
845,"33-190 Kąśna Dolna, Poland",49.7817929,20.9439416
846,"33-190 Ciężkowice, Poland",49.7856205,20.973264
847,"33-190 Zborowice; 5, 33-190, Poland",49.7586017,20.9712288
848,"Jastrzębia 1, 33-191 Jastrzębia, Poland",49.7851564,20.8998404
849,"33-191 Jastrzębia; 138, Poland",49.8017359,20.8550564
850,"80, 33-182, Poland",49.8342615,20.8881801
851,"33-180 Rzepiennik Marciszewski; 200, 33-180, Poland",49.8258163,21.008091
852,"Zespół Szkół w Gromniku, Wincentego Witosa 4, 33-180 Gromnik, Poland",49.8403176,20.9601537
853,"Zespół Szkół w Gromniku, Wincentego Witosa 4, 33-180 Gromnik, Poland",49.8402657,20.9601563
854,"Ul. Szkolna 2, 33-140, Poland",50.081236,21.0443617
855,"Tarnowska 36, 33-140 Brzozówka, Poland",50.05819779999999,21.0189191
856,"33-140 Kobierzyn, Poland",50.1030031,20.9943989
857,"Ul. Szkolna 2, 33-140, Poland",50.081236,21.0443617
858,"33-140 Zaczarnie; 25, 33-140, Poland",50.0625155,21.0714299
859,"33-140 Nowa Jastrząbka, Poland",50.1250955,21.1431565
860,"33-151 Nowe Żukowice; 54, 33-151, Poland",50.0895822,21.1381068
861,"Lisia 37, 65-093 Zielona Góra, Poland",51.9438522,15.4972998
862,"Pawęzów 62, 33-100, Pawęzów, Poland",50.0704235,20.9859844
863,"Lukow, Poland",50.09343000000001,20.967434
864,"Janowice 128, 33-115 Janowice, Poland",49.892021,20.856244
865,"Rzuchowa 278, 33-114 Rzuchowa, Poland",49.9492237,20.9301581
866,"33-115, Poland",49.9059299,20.9007999
867,"Pleśna 228, 33-171 Pleśna, Poland",49.92173220000001,20.9450194
868,"129, 33-114 Świebodzin, Poland",49.9555896,20.964127
869,"Lichwin, Poland",49.88642460000001,20.9542698
870,"107, 107, 33-114 Szczepanowice, Poland",49.9391315,20.9034308
871,"33-171 Rychwałd; 120, Poland",49.9038835,20.9312428
872,"Szkolna 1, 33-130 Radłów, Poland",50.0873906,20.8546995
873,"33-133 Zabawa, Poland",50.120407,20.8221728
874,"152, 33-273 Przybysławice, Poland",50.15889259999999,20.8101047
875,"33-273 Zdrochec, Poland",50.1303912,20.8333085
876,"25, 33-130 Niwka, Poland",50.0568783,20.8533136
877,"Szkolna 2, 33-130 Biskupice Radłowskie, Poland",50.1212852,20.8665118
878,"Lubcza 51, 33-162 Lubcza, Poland",49.9042784,21.2579146
879,"Wola Lubecka 164, 33-162 Lubcza, Poland",49.9170431,21.1959904
880,"Joniny 3, 33-160 Ryglice, Poland",49.8859362,21.1750307
881,"Tarnowska 25, 33-160 Ryglice, Poland",49.8827003,21.1357211
882,"Karpacka 21, 33-159 Zalasowa, Poland",49.926289,21.1253866
883,"Kowalowa 10, 33-161 Kowalowa, Poland",49.88220010000001,21.2012985
884,"82, 33-160 Bistuszowa, Poland",49.8823883,21.1038412
885,"33-164 Olszyny; 62, 34-120, Poland",49.81394479999999,21.137588
886,"Rzepiennik Strzyżewski 402, 33-163 Rzepiennik Strzyżewski, Poland",49.8075882,21.0357446
887,"DW980 176, 33-163 Rzepiennik Suchy, Poland",49.7790264,21.1212265
888,"Rzepiennik Strzyżewski 402, 33-163 Rzepiennik Strzyżewski, Poland",49.8075882,21.0357446
889,"Turza 2, 36-050 Turza, Poland",49.7654265,21.0579502
890,"Ładna 98B, 33-156 Ładna, Poland",50.0133246,21.0943931
891,"Skrzyszów 629A, 33-156 Skrzyszów, Poland",49.9958784,21.0570168
892,"33-156 Łękawica; 88, Poland",49.96713820000001,21.050108
893,"Skrzyszów 629A, 33-156 Skrzyszów, Poland",49.9958784,21.0570168
894,"33-152 Pogórska Wola; 77a, Poland",50.01607,21.1571618
895,"Kansas, USA",39.011902,-98.4842465
896,"ul. Tarnowska 60, 33-112 Tarnowiec, Poland",49.981899,20.9866989
897,"Zawada 87A, 33-112 Tarnowiec, Poland",49.9801951,21.0148582
898,"Szkolna 22, 33-111 Koszyce Wielkie, Poland",49.9763464,20.9419908
899,"Jodłówka-Wałki 57, 33-150 Jodłówka-Wałki, Poland",50.0547449,21.1419413
900,"Zgłobicka 4, 33-113 Zgłobice, Poland",49.9771265,20.9030886
901,"Świętego Floriana 1, 33-113 Zbylitowska Góra, Poland",49.9894014,20.9028028
902,"435B, Wola Rzędzińska 66a, 33-150 Wola Rzędzińska, Poland",50.0358889,21.0635993
903,"Wola Rzędzińska 253A, 33-150 Wola Rzędzińska, Poland",50.045967,21.1005278
904,"Łękawka 133 A, 33-112 Tarnowiec, Poland",49.947737,21.032745
905,"20, 33-113 Błonie, Poland",49.9564422,20.9020386
906,"Oświatowa 1, 33-111 Koszyce Małe, Poland",49.96562489999999,20.944697
907,"Jana Pawła II 6, 33-170 Tuchów, Poland",49.8948487,21.0560568
908,"33-172 Lubaszowa, Poland",49.8586128,21.0371134
909,"Jana Pawła II 6, 33-170 Tuchów, Poland",49.8948487,21.0560568
910,"Jana Pawła II 6, 33-170 Tuchów, Poland",49.8948487,21.0560568
911,"33-170 Dąbrówka Tuchowska, Poland",49.9040995,21.0548463
912,"139a, 33-170 Karwodrza, Poland",49.92313919999999,21.066177
913,"Jana Pawła II 6, 33-170 Tuchów, Poland",49.8948487,21.0560568
914,"Jana Pawła II 6, 33-170 Tuchów, Poland",49.8948487,21.0560568
915,"33-170 Tuchów, Poland",49.89477,21.05416
916,"33-170 Piotrkowice, Poland",49.9243126,21.0148429
917,"Ostrów 139, 33-122 Ostrów, Poland",50.0154034,20.8855871
918,"33-122 Wierzchosławice, Poland",50.0211212,20.8578193
919,"168, 33-121 Mikołajowice, Poland",49.9798603,20.8690453
920,"371, 33-121 Łętowice, Poland",49.99469939999999,20.8458089
921,"33-122 Rudka, Poland",50.048883,20.8876494
922,"Filia nr 1 im. Św. Jadwigi Królowej Polski, 33-121 Bogumiłowice, Poland",50.00418089999999,20.8682191
923,"Wietrzychowice 64, 33-270 Wietrzychowice, Poland",50.1903723,20.7665563
924,"33-271 Jadowniki Mokre, Poland",50.1666172,20.7308416
925,"Grabno 285, 32-830 Grabno, Poland",49.9278973,20.7782337
926,"32-830 Wojnicz, Poland",49.9579835,20.8378422
927,"Rynek 30, 32-830 Wojnicz, Poland",49.95838800000001,20.8394182
928,"Łopoń; 105, 32-830, Poland",49.9711115,20.770586
929,"1 maja 32, 32-830 Milówka, Poland",49.55520449999999,19.0910411
930,"Biadoliny Radłowskie, Poland",49.98333299999999,20.783333
931,"Olszyny k Brzeska, Olszyny 57, 32-831 Olszyny, Poland",49.8887351,20.8194464
932,"Malczewskiego 56, 32-840 Zakliczyn, Poland",49.8551545,20.8168551
933,"32-841 Filipowice, Poland",49.8371287,20.7263349
934,"Malczewskiego 56, 32-840 Zakliczyn, Poland",49.8551545,20.8168551
935,"32-855 Gwoździec, Poland",49.8920003,20.7596026
936,"32-840 Zakliczyn, Poland",49.8557953,20.8093376
937,"142, 32-840 Wróblowice, Poland",49.8761824,20.8582207
938,"Rudno 195, 33-131 Ilkowice, Poland",50.0874438,20.9132969
939,"Władysława Jagiełły 18, 33-240 Żabno, Poland",50.1325343,20.8926837
940,"Władysława Jagiełły 18, 33-240 Żabno, Poland",50.1325343,20.8926837
941,"33-251 Siedliszowice, Poland",50.2056249,20.7656993
942,"Sieradza 70, 33-240 Żabno, Poland",50.1371102,20.9335046
943,"175, 33-240 Nieciecza, Poland",50.1566688,20.8479822
944,"33-250 Otfinów, Poland",50.185963,20.8160795
945,"Szkolna 2, 33-132 Niedomice, Poland",50.104532,20.892525
946,"Władysława Jagiełły 18, 33-240 Żabno, Poland",50.1324738,20.8925066
947,"Odporyszów, Źwiernik 41, 33-240, Poland",50.1493036,20.9121411
948,"115, Czermna, Poland",49.8182675,21.2941769
949,"Ołpiny 451, 38-247 Ołpiny, Poland",49.80811689999999,21.199927
950,"Szerzyny 544, 38-246 Szerzyny, Poland",49.80920589999999,21.2458269
951,"193, 38-247 Żurowa, Poland",49.8306852,21.1663735
952,"Swoszowa 170, 38-247 Swoszowa, Poland",49.83797509999999,21.2157081
953,"Kościeliska 47a, 34-500 Zakopane, Poland",49.2920553,19.9391736
954,"Władysława Orkana 6, 34-500 Zakopane, Poland",49.2920977,19.9497436
955,"Skibówki 2d, 34-500 Zakopane, Poland",49.29035469999999,19.9312636
956,"Janosówka 15, 34-500 Zakopane, Poland",49.3087914,19.9934768
957,"Władysława Orkana 6, 34-500 Zakopane, Poland",49.2920977,19.9497436
958,"Harenda 21, 34-500 Zakopane, Poland",49.3204237,19.9803356
959,"Cyrhla 57, 34-500 Zakopane, Poland",49.2910081,20.0129147
960,"Mieczysława Karłowicza 6, 34-500 Zakopane, Poland",49.2835076,19.979289
961,"Henryka Sienkiewicza 12, 34-500 Zakopane, Poland",49.2958571,19.960382
962,"Miłośników Podhala 23, 34-425 Biały Dunajec, Poland",49.3590498,20.005479
963,"34-425, Poland",49.3488739,20.049507
964,"Jana Pawła II 184a, 34-425 Biały Dunajec, Poland",49.3789637,20.0141027
965,"Miłośników Podhala 23, 34-425 Biały Dunajec, Poland",49.3590498,20.005479
966,"Jurgów 177, 34-532 Jurgów, Poland",49.3384098,20.1430422
967,"Bukowina Tatrzańska, Poland",49.3422914,20.1075143
968,"Muchówka 14, 34-406 Groń, Poland",49.4124239,20.0720531
969,"Środkowa 184, 34-405 Białka Tatrzańska, Poland",49.3900763,20.1053107
970,"DW960, 34-530 Bukowina Tatrzańska, Poland",49.3423839,20.1069492
971,"34-532 Brzegi, Poland",49.3230732,20.1248541
972,"Zagóra 149, 34-532 Czarna Góra, Poland",49.38004189999999,20.132472
973,"Potok Grocholów, 34-532 Rzepiska, Poland",49.3476683,20.1754092
974,"Witów 119, 34-512 Witów, Poland",49.3341746,19.8255445
975,"Szeligówka 660, 34-511 Kościelisko, Poland",49.2899542,19.8890301
976,"Witów 119, 34-512 Witów, Poland",49.3341746,19.8255445
977,Poland,49.30793449999999,20.0682127
978,"Sądelska 31, 34-531 Murzasichle, Poland",49.31621519999999,20.0431558
979,"Stasikówka 65, 34-520 Poronin, Poland",49.3372965,20.0597098
980,"Józefa Piłsudskiego 34, 34-520 Poronin, Poland",49.3392264,20.0065137
981,"61, 34-521 Nowe Bystre, Poland",49.33885919999999,19.9225376
982,"34-521 Ząb, Poland",49.3426181,19.9520355
983,"34-520 Suche, Poland",49.3366264,19.979717
984,"Włókniarzy 10A, 34-120 Andrychów, Poland",49.8595769,19.3511843
985,"Jarosława Dąbrowskiego 2, 34-120 Andrychów, Poland",49.849669,19.3445549
986,"Krakowska 74, 34-120 Andrychów, Poland",49.8557046,19.3466871
987,"Włókniarzy 10A, 34-120 Andrychów, Poland",49.8595769,19.3511843
988,"Beskidzka 46, 34-120 Targanice, Poland",49.8126294,19.3283764
989,"Racławicka 188, 34-125 Sułkowice, Poland",49.8200073,19.3703199
990,"Szkolna 12, 34-120 Zagórnik, Poland",49.8365637,19.3829945
991,"Wadowicka 79, 34-120 Inwałd, Poland",49.86359299999999,19.3928342
992,"10, 34-120 Roczyny, Poland",49.8434561,19.3087531
993,"Słoneczna 5, 34-120 Brzezinka, Poland",49.8270221,19.3194038
994,"Gmina Brzeźnica, Poland",49.9503154,19.631758
995,"34-114 Tłuczań; 157a, 34-114, Poland",49.9520796,19.5760816
996,"Szkolna 1, 72-410 Sosnowice, Poland",49.939774,19.7141124
997,"Krakowska 87, 34-115 Łączany, Poland",49.9839101,19.5807883
998,"Marcyporęba 81, 34-114 Brzeźnica, Poland",49.9404824,19.6191306
999,"Adama Mickiewicza 14, 34-130 Kalwaria Zebrzydowska, Poland",49.8698772,19.6804338
1000,"34-130 Stanisław Dolny; 256, 34-130, Poland",49.89194269999999,19.6426892
1001,"Stanisław Dolny; 73, 34-130, Poland",49.90229189999999,19.6587229
1002,"34-130 Barwałd Górny; 213, 34-130, Poland",49.8627067,19.6183768
1003,"34-124 Barwałd Dolny; 64, 34-124, Poland",49.86461,19.5812001
1004,"Brody 419, 34-130 Brody, Poland",49.8640787,19.6924447
1005,"Leńcze 276, 34-142 Leńcze, Poland",49.8976106,19.735753
1006,"34-141 Przytkowice; 542, Przytkowice, Poland",49.9136646,19.6908281
1007,"Zarzyce Wielkie 56, 34-142 Zarzyce Wielkie, Poland",49.8873472,19.7324112
1008,"34-130 Zebrzydowice, Poland",49.8852222,19.671974
1009,"Szkolna 504, 34-143 Lanckorona, Poland",49.8441379,19.7178893
1010,"34-143 Skawinki, Poland",49.82523579999999,19.7138574
1011,"Jastrzębia 144, 34-143 Jastrzębia, Poland",49.8432182,19.7604332
1012,"34-143 Lanckorona; 504, 34-143, Poland",49.8442128,19.7178323
1013,"34-106 Mucharz; Jaszczurowa 255, 34-106, Poland",49.8115895,19.5586365
1014,"Świnna Poręba 216, 34-106 Świnna Poręba, Poland",49.834284,19.5097717
1015,"E77 12, 34-745 Spytkowice, Poland",49.5774407,19.823521
1016,"Spytkowice 566, 34-745 Spytkowice, Poland",49.58913560000001,19.8620555
1017,"Księdza Gołby 1, 34-116 Bachowice, Poland",49.9594,19.49433
1018,"Spytkowice 566, 34-745 Spytkowice, Poland",49.58913560000001,19.8620555
1019,"Wiślana 53, 34-116 Spytkowice, Poland",49.9965303,19.5070621
1020,"34-145 Stronie, Poland",49.832102,19.673931
1021,"34-146 Stryszów; 90, 34-146, Poland",49.8250675,19.6262371
1022,"34-100 Łękawica, Poland",49.8407777,19.5810703
1023,"34-146 Stryszów; 90, 34-146, Poland",49.8250675,19.6262371
1024,"Floriańska 16, 34-100 Tomice, Poland",49.8974869,19.4837812
1025,"Jana Pawła II 107, 34-103 Witanowice, Poland",49.9183872,19.5280171
1026,"34-100 Radocza, Poland",49.9176683,19.4703591
1027,"Floriańska 16, 34-100 Tomice, Poland",49.8974869,19.4837812
1028,"Henryka Sienkiewicza 9, 34-100 Wadowice, Poland",49.8839204,19.4964677
1029,"Henryka Sienkiewicza 9, 34-100 Wadowice, Poland",49.8839204,19.4964677
1030,"Juliusza Słowackiego 2, 34-100 Wadowice, Poland",49.8831995,19.4880381
1031,"Osiedle Pod Skarpą 10, 34-100 Wadowice, Poland",49.8724026,19.4982636
1032,"Osiedle Kopernika 11, 34-100 Wadowice, Poland",49.878099,19.4990298
1033,"84B,, Babica 34-103, Babica, Poland",49.901386,19.5497195
1034,"Zarąbki, Chocznia, Poland",49.8534395,19.4261006
1035,"Osiedle Kopernika 11, 34-100 Wadowice, Poland",49.878099,19.4990298
1036,"Juliusza Słowackiego 2, 34-100 Wadowice, Poland",49.8831995,19.4880381
1037,"90, 34-100 Zawadka, Poland",49.851929,19.4674607
1038,"Osiedle Kopernika 11, 34-100 Wadowice, Poland",49.878099,19.4990298
1039,"Osiedle Kopernika 11, 34-100 Wadowice, Poland",49.878099,19.4990298
1040,"34-124 Barwałd Dolny; 64, 34-124, Poland",49.86461,19.5812001
1041,"Centralna 34, 34-108 Frydrychowice, Poland",49.8994593,19.4196227
1042,"św. Judy Tadeusza 2, 34-122 Nidek, Poland",49.9029587,19.3240964
1043,"Św. Marcina 7, 34-122 Gierałtowice, Poland",49.9391306,19.3848771
1044,"Centralna 34, 34-108 Frydrychowice, Poland",49.8994593,19.4196227
1045,"Beskidzka 324, 34-122 Wieprz, Poland",49.9068737,19.372547
1046,"Broniewskiego, Warszawa, Poland",52.26819099999999,20.9585716
1047,"Łazany 103A, 32-020 Łazany, Poland",49.9460303,20.1569004
1048,"32-020 Tomaszkowice, Poland",49.9759241,20.1038404
1049,"464, Bodzanów 32-020, 32-020 Bodzanów, Poland",49.9851211,20.1451281
1050,"Wieliczka 322, 32-020 Wieliczka, Poland",49.9639756,20.1194859
1051,"DW966 251A, 32-020 Trąbki, Poland",49.9589545,20.144763
1052,"Pierzchów 100, 32-420 Gdów, Poland",49.9345107,20.2809994
1053,"32-420 Bilczyce; 92, 32-420, Poland",49.9267186,20.184657
1054,"Gdów 1206, 32-420 Gdów, Poland",49.9038621,20.2010153
1055,"Jaroszówka, 32-420 Jaroszówka, Poland",49.9042638,20.2719072
1056,"32-013 Marszowice, Poland",49.917414,20.2362141
1057,"Niegowić 62, 32-420 Gdów, Poland",49.9377191,20.2409294
1058,"967, 32-420, Poland",49.9011156,20.1404037
1059,"Zręczyce 65, 32-420 Zręczyce, Poland",49.891664,20.2215485
1060,"62-865, Popów, Popów-Kolonia 54, 99-235 Popów-Kolonia, Poland",51.6855925,18.3268362
1061,"967, Książnice, Poland",49.950143,20.3004329
1062,"Grodkowice 80, 32-015 Grodkowice, Poland",49.9767215,20.2602234
1063,"Brzezie 362, 63-800 Brzezie, Poland",49.9903853,20.2276181
1064,"Kłaj 361, 32-015 Kłaj, Poland",49.990336,20.308514
1065,"Wiejska 302, 32-014 Szarów, Poland",49.9958585,20.2635617
1066,"Kłaj 361, 32-015 Kłaj, Poland",49.990336,20.308514
1067,"3 Maja 23, 32-005 Niepołomice, Poland",50.035311,20.213921
1068,"Krakowska 14, 32-005 Niepołomice, Poland",50.041065,20.1668084
1069,"Zabierzów Bocheński 465, DW964, 32-007 Zabierzów Bocheński, Poland",50.0670004,20.3190047
1070,"Podłęże 220, 32-003 Podłęże, Poland",50.0132741,20.1654852
1071,"Niepołomice 5, 32-005 Niepołomice, Poland",50.011072,20.19455
1072,"Wola Zabierzowska 1, 32-007, 32-007 Wola Zabierzowska, Poland",50.0794256,20.331119
1073,"81, 32-005 Zagórze, Poland",49.9925208,20.1888998
1074,"Zakrzów 323, 32-003 Zakrzów, Poland",50.0033209,20.1409111
1075,"32-005 Niepołomice, Poland",50.0406662,20.2225326
1076,"DW964 587, 32-007 Wola Batorska, Poland",50.0504152,20.2713987
1077,"Stanisława Moniuszki 1, 32-020 Wieliczka, Poland",49.98580219999999,20.0597217
1078,"Krzyszkowicka 18A, 32-020 Wieliczka, Poland",49.991145,20.0322358
1079,"203, 32-020 Śledziejowice, Poland",50.0099824,20.0845303
1080,"Grabie 2, 32-002 Grabie, Poland",50.03946579999999,20.1345616
1081,"Podstolice 204, 32-020 Wieliczka, Poland",49.9570275,19.9951112
1082,"Siercza 428, 32-020 Wieliczka, Poland",49.9718726,20.04034
1083,"32-020, Poland",49.9700494,20.0121532
1084,"Mietniów 60, 32-020 Mietniów, Poland",49.9612291,20.0750839
1085,"Szkolna 190, 32-002 Węgrzce Wielkie, Poland",50.0157076,20.1117414
1086,"Koźmice Wielkie 1, 32-020 Koźmice Wielkie, Poland",49.95100679999999,20.0342096
1087,"Byszyce 1, 32-020 Byszyce, Poland",49.92458999999999,20.0125408
1088,"Golkowice 30, 30-697 Golkowice, Poland",49.96957,19.9802592
1089,"Gorzków 168, 32-020 Wieliczka, Poland",49.92236949999999,20.0287155
1090,"32-020 Wieliczka, Poland",49.9870619,20.0647971
1091,"Janowice 1, 32-020 Wieliczka, Poland",49.95405179999999,20.0138501
1092,"Raciborsko 71, 32-020 Wieliczka, Poland",49.93501490000001,20.063931
1093,"Zdrowa 6, 31-216 Kraków, Poland",50.089332,19.94124
1094,"Piotra Stachiewicza 33, 30-001 Kraków, Poland",50.0860984,19.9170561
1095,"Bolesława Czerwieńskiego 1, 30-001 Kraków, Poland",50.0847238,19.9027096
1096,"Kazimierza Wierzyńskiego 3, 30-198 Kraków, Poland",50.084539,19.847098
1097,"Kluczborska 3, 30-001 Kraków, Poland",50.0872962,19.928737
1098,"Batalionu “Skała” AK 12, 30-962 Kraków, Poland",50.0897814,19.9231717
1099,"Bolesława Prusa 18, 30-117 Kraków, Poland",50.05575229999999,19.9174025
1100,"Królowej Jadwigi 78, 30-001 Kraków, Poland",50.055802,19.9043209
1101,"Urzędnicza 65, 30-001 Kraków, Poland",50.0739619,19.9217543
1102,"Mazowiecka 70, 30-001 Kraków, Poland",50.07584749999999,19.9224642
1103,"Księcia Józefa 337, 30-001 Kraków, Poland",50.0442051,19.8247563
1104,"aleja Kijowska 8, 30-079 Kraków, Poland",50.0699775,19.9149319
1105,"Katowicka 28, 31-351 Kraków, Poland",50.084408,19.882034
1106,"Stawowa 179, 31-346 Kraków, Poland",50.0963489,19.884809
1107,"Stanisława Pigonia 2, 31-230 Kraków, Poland",50.0940377,19.933849
1108,"Kaczorówka 4, 31-264 Kraków, Poland",50.1068077,19.9056602
1109,"aleja Modrzewiowa 23, 30-224 Kraków, Poland",50.0641669,19.8653745
1110,"Feliksa Szlachtowskiego 31, 30-132 Kraków, Poland",50.07342269999999,19.9003658
1111,"Józefa Mackiewicza 15, 30-962 Kraków, Poland",50.0928321,19.9476216
1112,"Władysława Łokietka 60, 30-962 Kraków, Poland",50.0841861,19.9222824
1113,"Kluczborska 3, 31-271 Kraków, Poland",50.0871414,19.9284337
1114,"Porzeczkowa 3, 31-234 Kraków, Poland",50.1022455,19.9442872
1115,"Grzegorza Korzeniaka 18, 30-298 Kraków, Poland",50.0730928,19.8338765
1116,"Tuchowska 113, 32-020 Kraków, Poland",49.991253,19.972002
1117,"Kazimierza Wielkiego 33, 33-332 Kraków, Poland",50.0726779,19.921978
1118,"Senatorska 39, 30-106 Kraków, Poland",50.0535861,19.9160725
1119,"Szopkarzy 8, 31-228 Kraków, Poland",50.093748,19.931534
1120,"36, 31-855 Kraków, Poland",50.0808755,20.0196074
1121,"os. Jagiellońskie 9, 30-001 Kraków, Poland",50.0884732,20.0236828
1122,"Os. Wysokie 7, 30-001 Kraków, Poland",50.08944200000001,20.016692
1123,"osiedle Tysiąclecia 57, 30-001 Kraków, Poland",50.0920782,19.9992526
1124,"osiedle Na Wzgórzach (Krzesławickich) 13A, 31-723 Kraków, Poland",50.0974241,20.0601488
1125,"Osiedle Słoneczne 12, 31-957 Kraków, Poland",50.078009,20.0419103
1126,"Kraków, Poland",50.06465009999999,19.9449799
1127,"Romana Prawocheńskiego 7, 30-001 Kraków, Poland",50.0697061,20.1571754
1128,"Józefa Sawy-Calińskiego 12, 31-999 Kraków, Poland",50.0987707,20.1785814
1129,"Drożyska 13, 31-998 Kraków, Poland",50.0554819,20.1942256
1130,"Osiedle Bohaterów Września 13, 31-620 Kraków, Poland",50.0980901,20.0074798
1131,"Centralna 39, 30-001 Kraków, Poland",50.0689398,20.0138492
1132,"Osiedle Stalowe 18, 31-922 Kraków, Poland",50.0734888,20.0532335
1133,"Osiedle Dywizjonu 303 66, 30-001 Kraków, Poland",50.083141,20.007133
1134,"Stanisława ze Skalbmierza 7, 31-436 Kraków, Poland",50.081898,19.9674362
1135,"Branicka 26, 31-985 Kraków, Poland",50.0597996,20.1423623
1136,"Jaskrowa 5, 30-001 Kraków, Poland",50.0998359,20.1234599
1137,"os. Krakowiaków 47, 31-964 Kraków, Poland",50.0814625,20.0396256
1138,"Osiedle Kalinowe 17, 31-814 Kraków, Poland",50.09127789999999,20.0127188
1139,"Osiedle Złotego Wieku 4, 30-001 Kraków, Poland",50.097598,20.000022
1140,"Osiedle Dywizjonu 303 35, 30-001 Kraków, Poland",50.0850944,20.0108011
1141,"2, 31-972 Kraków, Poland",50.075927,20.0414363
1142,"osiedle Kalinowe 18, 31-814 Kraków, Poland",50.0905016,20.0115927
1143,"osiedle Handlowe 4, 31-935 Kraków, Poland",50.0740357,20.0306354
1144,"Na Stoku 52, 30-001 Kraków, Poland",50.09225960000001,20.0557032
1145,"osiedle Jagiellońskie 18, 31-843 Kraków, Poland",50.0848854,20.0272341
1146,"Osiedle Teatralne 35, 30-001 Kraków, Poland",50.0798797,20.0343556
1147,"34a, 31-624 Kraków, Poland",50.0999533,20.0183351
1148,"os. Kościuszkowskie 7, 31-858 Kraków, Poland",50.08378810000001,20.0133914
1149,"Osiedle Centrum E 2, 31-934 Kraków, Poland",50.0693518,20.0404339
1150,"osiedle Urocze 14, Kraków, 31-954 Kraków, Poland",50.07791,20.037861
1151,"Forteczna 54, 30-437 Kraków, Poland",49.99960910000001,19.9116807
1152,"Bieżanowska 204, 30-856 Kraków, Poland",50.0188241,20.0231339
1153,"Kurczaba 15, 30-868 Kraków, Poland",50.0136479,20.0093972
1154,"Żabia 20, 30-809 Kraków, Poland",50.0166917,19.9964933
1155,"Okólna 16, 30-001 Kraków, Poland",50.0160243,19.9812292
1156,"Ferdynanda Weigla 2, 30-898 Kraków, Poland",50.01439939999999,20.0402427
1157,"Bolesława Śmiałego 6, 30-398 Kraków, Poland",50.0163366,19.8107958
1158,"Mieczysława Wrony 115, 30-399 Kraków, Poland",49.9878027,19.8722953
1159,"Strąkowa 3A, 30-001 Kraków, Poland",50.0274125,19.9242866
1160,"Kłuszyńska 46, 30-499 Kraków, Poland",49.991032,19.913031
1161,"Ludwika Rydygiera 20, 30-695 Kraków, Poland",50.0063703,20.006007
1162,"Stanisława Stojałowskiego 31, 30-611 Kraków, Poland",50.0069427,19.9539584
1163,"Aleksandry 17, 30-962 Kraków, Poland",50.0128368,20.0172433
1164,"Komandosów 29, 30-001 Kraków, Poland",50.0424505,19.9315086
1165,"Wacława Lipińskiego 2, 30-349 Kraków, Poland",50.0302505,19.9233526
1166,"Krasickiego 34, 30-503 Kraków, Poland",50.0401462,19.9391127
1167,"Dembowskiego 12, 30-540 Kraków, Poland",50.0419391,19.9551726
1168,"Konfederacka 12, 30-001 Kraków, Poland",50.04905,19.9278191
1169,"Pszczelna 13, 30-385 Kraków, Poland",50.0259552,19.915845
1170,"Erazma Jerzmanowskiego 6, 30-836 Kraków, Poland",50.0181999,20.0072992
1171,"Myślenicka 112, 32-020 Kraków, Poland",49.9933258,19.9470332
1172,"Skośna 8, 30-383 Kraków, Poland",50.01141459999999,19.8994918
1173,"Tyniecka 122, 30-001 Kraków, Poland",50.0295067,19.8583513
1174,"Dobczycka 20, 30-620 Kraków, Poland",50.0167972,19.9556569
1175,"Górka Narodowa 116, 31-234 Kraków, Poland",50.1067534,19.9564036
1176,"Wacława Popławskiego 17, 30-818 Kraków, Poland",50.02447,19.9905357
1177,"Ćwikłowa 1, 30-001 Kraków, Poland",50.0358658,19.8891614
1178,"Golikówka 52, 12-200 Kraków, Poland",50.0459748,20.0340405
1179,"Skotnicka 86, 30-394 Kraków, Poland",50.0167534,19.8736471
1180,"Czarnogórska 14, 30-001 Kraków, Poland",50.0193389,19.9714011
1181,"Doktora Judyma 10, 32-020 Kraków, Poland",50.0011838,19.9184895
1182,"Kurczaba 5, 30-868 Kraków, Poland",50.0152086,20.0043807
1183,"Stroma 5, 30-521 Kraków, Poland",50.0416754,19.9443121
1184,"Wysłouchów 28, 30-611 Kraków, Poland",50.0062954,19.958054
1185,"Korzeniaka 14, 30-298 Kraków, Poland",50.07158159999999,19.8337156
1186,"Podedworze 16, 30-686 Kraków, Poland",50.0122778,19.9741775
1187,"Myśliwska 64, 30-718 Kraków, Poland",50.0457001,19.9924059
1188,"Seweryna Goszczyńskiego 44, 30-724 Kraków, Poland",50.0371691,19.9923103
1189,"Feliksa Wrobela 79, 30-001 Kraków, Poland",50.0441417,20.0657649
1190,"aleja Adolfa Dygasińskiego 5B, 30-001 Kraków, Poland",50.023031,19.9827793
1191,"Telimeny 9, 30-838 Kraków, Poland",50.019735,20.0166689
1192,"Księdza Stefana Pawlickiego 1, 30-320 Kraków, Poland",50.0446666,19.9182971
1193,"Malborska 98, 18-400 Kraków, Poland",50.0227039,19.9653611
1194,"Aleksandra Fredry 65-71, 30-605, 30-605 Kraków, Poland",50.0209538,19.9423474
1195,"osiedle 2 Pułku Lotniczego 21, 30-001 Kraków, Poland",50.078809,20.0085309
1196,"Świętego Marka 34, 30-962 Kraków, Poland",50.0627544,19.9434878
1197,"Łąkowa 31, 30-001 Kraków, Poland",50.07389149999999,19.9841072
1198,"Skałeczna 10, 33-332 Kraków, Poland",50.0488672,19.9410305
1199,"Półkole 11, 31-559 Kraków, Poland",50.0600532,19.9819672
1200,"Adama Chmielowskiego 1, 31-067 Kraków, Poland",50.046139,19.941891
1201,"Pułkownika Francesco Nullo 23, 31-543 Kraków, Poland",50.063177,19.9654311
1202,"Smoleńsk 5, 31-108 Kraków, Poland",50.0593169,19.9318594
1203,"Janusza Meissnera 20, 30-001 Kraków, Poland",50.0746391,19.978167
1204,"Piotra Michałowskiego 10, 31-126 Kraków, Poland",50.0662798,19.9283458
1205,"Sadzawki 1, 31-465 Kraków, Poland",50.0824709,19.9755291
1206,"Władysława Spasowskiego 8, 31-139 Kraków, Poland",50.0696125,19.9344128
1207,"Czarnogórska 14, 30-001 Kraków, Poland",50.0193389,19.9714011
1208,"Wileńska 9, 31-413 Kraków, Poland",50.0810272,19.9554715
1209,"Starowiślna, 31-038 Kraków, Poland",50.0587288,19.942741
1210,"Stradomska 10, 31-058 Kraków, Poland",50.0531498,19.9403284
1211,"Śniadeckich 12b, 31-531 Kraków, Poland",50.0599761,19.9557266
1212,"Wacława Lipińskiego 2, 30-349 Kraków, Poland",50.0302505,19.9233526
1213,"Topolowa 22, 31-506 Kraków, Poland",50.0669431,19.9529046
1214,"Porzeczkowa 3, 31-234 Kraków, Poland",50.1022455,19.9442872
1215,"Dietla 70, 31-039 Kraków, Poland",50.0557981,19.9443426
1216,"Księdza Franciszka Blachnickiego 1, 31-535 Kraków, Poland",50.0553002,19.9511168
1217,"31-134, Basztowa 8, Kraków, Poland",50.06636289999999,19.9376048
1218,"Śniadeckich 12b, 31-531 Kraków, Poland",50.0599761,19.9557266
1219,"Jana Sobieskiego 3/3, 33-332 Kraków, Poland",50.0676382,19.9316416
1220,"Pędzichów 13, 31-152 Kraków, Poland",50.069949,19.9404944
1221,"Ducha Świętego 2, Nowy Sącz, Poland",49.6256841,20.6931139
1222,"Towarowa 6, 33-300 Nowy Sącz, Poland",49.5793563,20.665074
1223,"Generała Bora-Komorowskiego 7, 33-300 Nowy Sącz, Poland",49.5792014,20.7307115
1224,"Władysława Broniewskiego 5, 33-300 Nowy Sącz, Poland",49.6270567,20.710862
1225,"Jagiellońska 32, 33-300 Nowy Sącz, Poland",49.62053909999999,20.6930816
1226,"Nadbrzeżna 77, 33-320 Nowy Sącz, Poland",49.6210961,20.7160868
1227,"Szkolna 9, 33-300 Nowy Sącz, Poland",49.6279126,20.6985882
1228,"Tarnowska 109, 33-300 Nowy Sącz, Poland",49.6482575,20.6899739
1229,"Generała Stefana Grota-Roweckiego 15, 33-300 Nowy Sącz, Poland",49.6129988,20.7033362
1230,"Aleja Stefana Batorego 76, 33-300 Nowy Sącz, Poland",49.6096504,20.7003414
1231,"Grzegorza Piramowicza 16, 33-300 Nowy Sącz, Poland",49.5985111,20.6868397
1232,"Aleja Stefana Batorego 76, 33-300 Nowy Sącz, Poland",49.6096504,20.7003414
1233,"29 Listopada 22, 33-300 Nowy Sącz, Poland",49.6028522,20.7136659
1234,"Mała Poręba 57, 33-300 Nowy Sącz, Poland",49.5690191,20.7169487
1235,"Świętej Heleny 44, 33-300 Nowy Sącz, Poland",49.6272698,20.6730014
1236,"300, Świętego Ducha 4, Nowy Sącz, Poland",49.6259327,20.6928483
1237,"Niedomicka 20, 33-102 Tarnów, Poland",50.0392964,20.9552907
1238,"Mościckiego 177A, 33-100 Gmina Tarnów, Poland",50.0175835,20.9510531
1239,"Krzyska 118, 33-103 Tarnów, Poland",50.0448503,20.9920899
1240,"33-101, Norwida 22, 33-100 Tarnów, Poland",49.9994124,20.9280432
1241,"Lippóczy’ego 4, 33-100 Tarnów, Poland",50.0237096,20.9844523
1242,"3 Maja 10, 33-110 Tarnów, Poland",50.019747,20.9704818
1243,"Szewska 7, 33-110 Tarnów, Poland",50.0092794,20.990528
1244,"Matejki 6, 33-100 Tarnów, Poland",50.01468790000001,20.9812681
1245,"osiedle Legionów H. Dąbrowskiego 16, 33-100 Tarnów, Poland",50.0269823,21.0021163
1246,"Kopernika 10, 33-110 Tarnów, Poland",50.0129834,20.9837395
1247,"Skowronków 8, 33-100 Tarnów, Poland",50.0167375,21.0065109
1248,"Bitwy pod Studziankami 5, 33-100 Tarnów, Poland",50.0194905,21.0050628
1249,"33-100 Tarnów; Dąbrowskiej 6, Poland",50.0165687,21.0146385
1250,"Zbylitowska 7, 33-101 Tarnów, Poland",50.0084082,20.9181362
1251,"Reymonta 30, 33-100 Tarnów, Poland",50.00940070000001,20.9690702
1252,"Gumniska 47, 33-100 Tarnów, Poland",50.0078956,21.0012733
1253,"Błotna 2, 33-100 Tarnów, Poland",50.0046583,21.0105165
1254,"ks. Skorupki 9, 33-100 Tarnów, Poland",50.0019432,20.9585291
